year,month,RC_Id,House_Fully_Damaged_Pukka,year_month,object_id
2022,2022_06,2.0,0.0,2022_06,262.0
2022,2022_06,3.0,0.0,2022_06,234.0
2022,2022_06,4.0,0.0,2022_06,261.0
2022,2022_06,10.0,0.0,2022_06,243.0
2022,2022_06,10.0,0.0,2022_06,269.0
2022,2022_06,16.0,0.0,2022_06,260.0
2022,2022_06,16.0,0.0,2022_06,230.0
2022,2022_06,17.0,89.0,2022_06,259.0
2022,2022_06,18.0,1.0,2022_06,233.0
2022,2022_06,19.0,0.0,2022_06,122.0
2022,2022_06,20.0,0.0,2022_06,264.0
2022,2022_06,21.0,0.0,2022_06,266.0
2022,2022_06,22.0,0.0,2022_06,121.0
2022,2022_06,23.0,24.0,2022_06,120.0
2022,2022_06,24.0,49.0,2022_06,265.0
2022,2022_06,25.0,0.0,2022_06,124.0
2022,2022_06,26.0,0.0,2022_06,123.0
2022,2022_06,27.0,0.0,2022_06,249.0
2022,2022_06,28.0,0.0,2022_06,251.0
2022,2022_06,29.0,2.0,2022_06,250.0
2022,2022_06,30.0,0.0,2022_06,199.0
2022,2022_06,31.0,0.0,2022_06,
2022,2022_06,32.0,0.0,2022_06,198.0
2022,2022_06,33.0,0.0,2022_06,200.0
2022,2022_06,35.0,0.0,2022_06,186.0
2022,2022_06,36.0,0.0,2022_06,184.0
2022,2022_06,37.0,0.0,2022_06,185.0
2022,2022_06,38.0,0.0,2022_06,187.0
2022,2022_06,39.0,0.0,2022_06,188.0
2022,2022_06,40.0,0.0,2022_06,248.0
2022,2022_06,41.0,0.0,2022_06,278.0
2022,2022_06,42.0,0.0,2022_06,279.0
2022,2022_06,43.0,6.0,2022_06,207.0
2022,2022_06,44.0,0.0,2022_06,206.0
2022,2022_06,45.0,0.0,2022_06,205.0
2022,2022_06,46.0,0.0,2022_06,239.0
2022,2022_06,47.0,6.0,2022_06,270.0
2022,2022_06,48.0,0.0,2022_06,238.0
2022,2022_06,50.0,0.0,2022_06,150.0
2022,2022_06,51.0,0.0,2022_06,152.0
2022,2022_06,52.0,0.0,2022_06,153.0
2022,2022_06,53.0,0.0,2022_06,151.0
2022,2022_06,54.0,0.0,2022_06,110.0
2022,2022_06,55.0,0.0,2022_06,112.0
2022,2022_06,56.0,5.0,2022_06,114.0
2022,2022_06,57.0,11.0,2022_06,113.0
2022,2022_06,58.0,0.0,2022_06,
2022,2022_06,59.0,0.0,2022_06,111.0
2022,2022_06,60.0,0.0,2022_06,
2022,2022_06,61.0,0.0,2022_06,256.0
2022,2022_06,62.0,0.0,2022_06,163.0
2022,2022_06,63.0,0.0,2022_06,159.0
2022,2022_06,64.0,0.0,2022_06,158.0
2022,2022_06,65.0,0.0,2022_06,160.0
2022,2022_06,66.0,0.0,2022_06,164.0
2022,2022_06,67.0,0.0,2022_06,162.0
2022,2022_06,68.0,0.0,2022_06,161.0
2022,2022_06,69.0,0.0,2022_06,181.0
2022,2022_06,71.0,0.0,2022_06,117.0
2022,2022_06,72.0,0.0,2022_06,119.0
2022,2022_06,73.0,0.0,2022_06,116.0
2022,2022_06,74.0,0.0,2022_06,118.0
2022,2022_06,75.0,0.0,2022_06,115.0
2022,2022_06,76.0,0.0,2022_06,172.0
2022,2022_06,77.0,0.0,2022_06,176.0
2022,2022_06,78.0,0.0,2022_06,173.0
2022,2022_06,79.0,0.0,2022_06,177.0
2022,2022_06,80.0,0.0,2022_06,174.0
2022,2022_06,81.0,0.0,2022_06,175.0
2022,2022_06,82.0,0.0,2022_06,194.0
2022,2022_06,83.0,0.0,2022_06,196.0
2022,2022_06,84.0,0.0,2022_06,195.0
2022,2022_06,85.0,0.0,2022_06,197.0
2022,2022_06,86.0,0.0,2022_06,253.0
2022,2022_06,87.0,0.0,2022_06,252.0
2022,2022_06,88.0,14.0,2022_06,254.0
2022,2022_06,89.0,0.0,2022_06,277.0
2022,2022_06,90.0,0.0,2022_06,169.0
2022,2022_06,91.0,0.0,2022_06,170.0
2022,2022_06,92.0,0.0,2022_06,276.0
2022,2022_06,93.0,0.0,2022_06,171.0
2022,2022_06,94.0,0.0,2022_06,
2022,2022_06,95.0,0.0,2022_06,273.0
2022,2022_06,96.0,0.0,2022_06,219.0
2022,2022_06,97.0,0.0,2022_06,221.0
2022,2022_06,98.0,0.0,2022_06,220.0
2022,2022_06,99.0,0.0,2022_06,211.0
2022,2022_06,100.0,0.0,2022_06,210.0
2022,2022_06,101.0,0.0,2022_06,217.0
2022,2022_06,102.0,1.0,2022_06,208.0
2022,2022_06,103.0,0.0,2022_06,215.0
2022,2022_06,104.0,0.0,2022_06,214.0
2022,2022_06,105.0,0.0,2022_06,213.0
2022,2022_06,106.0,0.0,2022_06,216.0
2022,2022_06,107.0,0.0,2022_06,212.0
2022,2022_06,108.0,0.0,2022_06,272.0
2022,2022_06,109.0,8.0,2022_06,209.0
2022,2022_06,110.0,0.0,2022_06,178.0
2022,2022_06,111.0,0.0,2022_06,275.0
2022,2022_06,112.0,0.0,2022_06,179.0
2022,2022_06,113.0,0.0,2022_06,255.0
2022,2022_06,114.0,0.0,2022_06,189.0
2022,2022_06,115.0,0.0,2022_06,190.0
2022,2022_06,116.0,0.0,2022_06,192.0
2022,2022_06,117.0,0.0,2022_06,191.0
2022,2022_06,118.0,0.0,2022_06,193.0
2022,2022_06,119.0,0.0,2022_06,104.0
2022,2022_06,120.0,0.0,2022_06,103.0
2022,2022_06,121.0,0.0,2022_06,101.0
2022,2022_06,122.0,0.0,2022_06,102.0
2022,2022_06,123.0,0.0,2022_06,105.0
2022,2022_06,124.0,0.0,2022_06,142.0
2022,2022_06,125.0,0.0,2022_06,146.0
2022,2022_06,126.0,0.0,2022_06,147.0
2022,2022_06,127.0,0.0,2022_06,141.0
2022,2022_06,128.0,0.0,2022_06,145.0
2022,2022_06,129.0,0.0,2022_06,143.0
2022,2022_06,130.0,0.0,2022_06,144.0
2022,2022_06,131.0,0.0,2022_06,281.0
2022,2022_06,132.0,0.0,2022_06,271.0
2022,2022_06,133.0,0.0,2022_06,128.0
2022,2022_06,134.0,0.0,2022_06,129.0
2022,2022_06,135.0,0.0,2022_06,126.0
2022,2022_06,136.0,0.0,2022_06,127.0
2022,2022_06,137.0,0.0,2022_06,134.0
2022,2022_06,138.0,0.0,2022_06,136.0
2022,2022_06,139.0,0.0,2022_06,133.0
2022,2022_06,140.0,14.0,2022_06,135.0
2022,2022_06,141.0,0.0,2022_06,132.0
2022,2022_06,142.0,0.0,2022_06,131.0
2022,2022_06,143.0,0.0,2022_06,130.0
2022,2022_06,144.0,0.0,2022_06,226.0
2022,2022_06,145.0,0.0,2022_06,224.0
2022,2022_06,146.0,0.0,2022_06,225.0
2022,2022_06,147.0,0.0,2022_06,228.0
2022,2022_06,148.0,0.0,2022_06,222.0
2022,2022_06,149.0,0.0,2022_06,223.0
2022,2022_06,150.0,0.0,2022_06,227.0
2022,2022_06,151.0,0.0,2022_06,166.0
2022,2022_06,152.0,0.0,2022_06,167.0
2022,2022_06,153.0,0.0,2022_06,168.0
2022,2022_06,154.0,0.0,2022_06,165.0
2022,2022_06,155.0,2.0,2022_06,137.0
2022,2022_06,156.0,0.0,2022_06,139.0
2022,2022_06,157.0,0.0,2022_06,138.0
2022,2022_06,158.0,0.0,2022_06,140.0
2022,2022_06,159.0,11.0,2022_06,
2022,2022_06,160.0,2.0,2022_06,257.0
2022,2022_06,161.0,0.0,2022_06,256.0
2022,2022_06,162.0,0.0,2022_06,156.0
2022,2022_06,163.0,0.0,2022_06,155.0
2022,2022_06,164.0,0.0,2022_06,157.0
2022,2022_06,165.0,0.0,2022_06,154.0
2022,2022_06,166.0,4.0,2022_06,247.0
2022,2022_06,167.0,0.0,2022_06,246.0
2022,2022_06,168.0,0.0,2022_06,245.0
2022,2022_06,169.0,0.0,2022_06,241.0
2022,2022_06,170.0,0.0,2022_06,268.0
2022,2022_06,173.0,0.0,2022_06,280.0
2022,2022_06,174.0,40.0,2022_06,202.0
2022,2022_06,175.0,0.0,2022_06,279.0
2022,2022_06,176.0,0.0,2022_06,168.0
2022,2022_06,177.0,0.0,2022_06,140.0
2022,2022_06,178.0,0.0,2022_06,231.0
2021,2021_08,2.0,0.0,2021_08,262.0
2021,2021_08,3.0,0.0,2021_08,234.0
2021,2021_08,4.0,0.0,2021_08,261.0
2021,2021_08,10.0,0.0,2021_08,243.0
2021,2021_08,10.0,0.0,2021_08,269.0
2021,2021_08,16.0,0.0,2021_08,260.0
2021,2021_08,16.0,0.0,2021_08,230.0
2021,2021_08,17.0,0.0,2021_08,259.0
2021,2021_08,18.0,1.0,2021_08,233.0
2021,2021_08,19.0,0.0,2021_08,122.0
2021,2021_08,20.0,0.0,2021_08,264.0
2021,2021_08,21.0,0.0,2021_08,266.0
2021,2021_08,22.0,0.0,2021_08,121.0
2021,2021_08,23.0,0.0,2021_08,120.0
2021,2021_08,24.0,0.0,2021_08,265.0
2021,2021_08,25.0,0.0,2021_08,124.0
2021,2021_08,26.0,0.0,2021_08,123.0
2021,2021_08,27.0,0.0,2021_08,249.0
2021,2021_08,28.0,0.0,2021_08,251.0
2021,2021_08,29.0,0.0,2021_08,250.0
2021,2021_08,30.0,0.0,2021_08,199.0
2021,2021_08,31.0,0.0,2021_08,
2021,2021_08,32.0,0.0,2021_08,198.0
2021,2021_08,33.0,0.0,2021_08,200.0
2021,2021_08,35.0,0.0,2021_08,186.0
2021,2021_08,36.0,0.0,2021_08,184.0
2021,2021_08,37.0,0.0,2021_08,185.0
2021,2021_08,38.0,0.0,2021_08,187.0
2021,2021_08,39.0,0.0,2021_08,188.0
2021,2021_08,40.0,0.0,2021_08,248.0
2021,2021_08,41.0,0.0,2021_08,278.0
2021,2021_08,42.0,0.0,2021_08,279.0
2021,2021_08,43.0,0.0,2021_08,207.0
2021,2021_08,44.0,0.0,2021_08,206.0
2021,2021_08,45.0,0.0,2021_08,205.0
2021,2021_08,46.0,0.0,2021_08,239.0
2021,2021_08,47.0,0.0,2021_08,270.0
2021,2021_08,48.0,0.0,2021_08,238.0
2021,2021_08,50.0,1.0,2021_08,150.0
2021,2021_08,51.0,0.0,2021_08,152.0
2021,2021_08,52.0,0.0,2021_08,153.0
2021,2021_08,53.0,0.0,2021_08,151.0
2021,2021_08,54.0,0.0,2021_08,110.0
2021,2021_08,55.0,0.0,2021_08,112.0
2021,2021_08,56.0,0.0,2021_08,114.0
2021,2021_08,57.0,0.0,2021_08,113.0
2021,2021_08,58.0,0.0,2021_08,
2021,2021_08,59.0,0.0,2021_08,111.0
2021,2021_08,60.0,0.0,2021_08,
2021,2021_08,61.0,0.0,2021_08,256.0
2021,2021_08,62.0,0.0,2021_08,163.0
2021,2021_08,63.0,0.0,2021_08,159.0
2021,2021_08,64.0,0.0,2021_08,158.0
2021,2021_08,65.0,0.0,2021_08,160.0
2021,2021_08,66.0,0.0,2021_08,164.0
2021,2021_08,67.0,0.0,2021_08,162.0
2021,2021_08,68.0,0.0,2021_08,161.0
2021,2021_08,69.0,0.0,2021_08,181.0
2021,2021_08,71.0,0.0,2021_08,117.0
2021,2021_08,72.0,0.0,2021_08,119.0
2021,2021_08,73.0,0.0,2021_08,116.0
2021,2021_08,74.0,0.0,2021_08,118.0
2021,2021_08,75.0,0.0,2021_08,115.0
2021,2021_08,76.0,0.0,2021_08,172.0
2021,2021_08,77.0,0.0,2021_08,176.0
2021,2021_08,78.0,0.0,2021_08,173.0
2021,2021_08,79.0,0.0,2021_08,177.0
2021,2021_08,80.0,0.0,2021_08,174.0
2021,2021_08,81.0,0.0,2021_08,175.0
2021,2021_08,82.0,0.0,2021_08,194.0
2021,2021_08,83.0,0.0,2021_08,196.0
2021,2021_08,84.0,0.0,2021_08,195.0
2021,2021_08,85.0,0.0,2021_08,197.0
2021,2021_08,86.0,0.0,2021_08,253.0
2021,2021_08,87.0,0.0,2021_08,252.0
2021,2021_08,88.0,0.0,2021_08,254.0
2021,2021_08,89.0,0.0,2021_08,277.0
2021,2021_08,90.0,0.0,2021_08,169.0
2021,2021_08,91.0,0.0,2021_08,170.0
2021,2021_08,92.0,0.0,2021_08,276.0
2021,2021_08,93.0,0.0,2021_08,171.0
2021,2021_08,94.0,0.0,2021_08,
2021,2021_08,95.0,0.0,2021_08,273.0
2021,2021_08,96.0,0.0,2021_08,219.0
2021,2021_08,97.0,0.0,2021_08,221.0
2021,2021_08,98.0,0.0,2021_08,220.0
2021,2021_08,99.0,0.0,2021_08,211.0
2021,2021_08,100.0,0.0,2021_08,210.0
2021,2021_08,101.0,0.0,2021_08,217.0
2021,2021_08,102.0,0.0,2021_08,208.0
2021,2021_08,103.0,0.0,2021_08,215.0
2021,2021_08,104.0,0.0,2021_08,214.0
2021,2021_08,105.0,0.0,2021_08,213.0
2021,2021_08,106.0,0.0,2021_08,216.0
2021,2021_08,107.0,0.0,2021_08,212.0
2021,2021_08,108.0,0.0,2021_08,272.0
2021,2021_08,109.0,0.0,2021_08,209.0
2021,2021_08,110.0,0.0,2021_08,178.0
2021,2021_08,111.0,0.0,2021_08,275.0
2021,2021_08,112.0,0.0,2021_08,179.0
2021,2021_08,113.0,0.0,2021_08,255.0
2021,2021_08,114.0,0.0,2021_08,189.0
2021,2021_08,115.0,0.0,2021_08,190.0
2021,2021_08,116.0,0.0,2021_08,192.0
2021,2021_08,117.0,0.0,2021_08,191.0
2021,2021_08,118.0,0.0,2021_08,193.0
2021,2021_08,119.0,0.0,2021_08,104.0
2021,2021_08,120.0,0.0,2021_08,103.0
2021,2021_08,121.0,0.0,2021_08,101.0
2021,2021_08,122.0,0.0,2021_08,102.0
2021,2021_08,123.0,0.0,2021_08,105.0
2021,2021_08,124.0,0.0,2021_08,142.0
2021,2021_08,125.0,0.0,2021_08,146.0
2021,2021_08,126.0,0.0,2021_08,147.0
2021,2021_08,127.0,0.0,2021_08,141.0
2021,2021_08,128.0,0.0,2021_08,145.0
2021,2021_08,129.0,0.0,2021_08,143.0
2021,2021_08,130.0,1.0,2021_08,144.0
2021,2021_08,131.0,0.0,2021_08,281.0
2021,2021_08,132.0,0.0,2021_08,271.0
2021,2021_08,133.0,0.0,2021_08,128.0
2021,2021_08,134.0,0.0,2021_08,129.0
2021,2021_08,135.0,0.0,2021_08,126.0
2021,2021_08,136.0,0.0,2021_08,127.0
2021,2021_08,137.0,0.0,2021_08,134.0
2021,2021_08,138.0,0.0,2021_08,136.0
2021,2021_08,139.0,0.0,2021_08,133.0
2021,2021_08,140.0,0.0,2021_08,135.0
2021,2021_08,141.0,0.0,2021_08,132.0
2021,2021_08,142.0,0.0,2021_08,131.0
2021,2021_08,143.0,0.0,2021_08,130.0
2021,2021_08,144.0,0.0,2021_08,226.0
2021,2021_08,145.0,0.0,2021_08,224.0
2021,2021_08,146.0,0.0,2021_08,225.0
2021,2021_08,147.0,0.0,2021_08,228.0
2021,2021_08,148.0,0.0,2021_08,222.0
2021,2021_08,149.0,0.0,2021_08,223.0
2021,2021_08,150.0,0.0,2021_08,227.0
2021,2021_08,151.0,0.0,2021_08,166.0
2021,2021_08,152.0,0.0,2021_08,167.0
2021,2021_08,153.0,0.0,2021_08,168.0
2021,2021_08,154.0,0.0,2021_08,165.0
2021,2021_08,155.0,0.0,2021_08,137.0
2021,2021_08,156.0,0.0,2021_08,139.0
2021,2021_08,157.0,0.0,2021_08,138.0
2021,2021_08,158.0,0.0,2021_08,140.0
2021,2021_08,159.0,0.0,2021_08,
2021,2021_08,160.0,0.0,2021_08,257.0
2021,2021_08,161.0,0.0,2021_08,256.0
2021,2021_08,162.0,0.0,2021_08,156.0
2021,2021_08,163.0,0.0,2021_08,155.0
2021,2021_08,164.0,0.0,2021_08,157.0
2021,2021_08,165.0,0.0,2021_08,154.0
2021,2021_08,166.0,0.0,2021_08,247.0
2021,2021_08,167.0,0.0,2021_08,246.0
2021,2021_08,168.0,0.0,2021_08,245.0
2021,2021_08,169.0,0.0,2021_08,241.0
2021,2021_08,170.0,0.0,2021_08,268.0
2021,2021_08,173.0,0.0,2021_08,280.0
2021,2021_08,174.0,6.0,2021_08,202.0
2021,2021_08,175.0,0.0,2021_08,279.0
2021,2021_08,176.0,0.0,2021_08,168.0
2021,2021_08,177.0,0.0,2021_08,140.0
2021,2021_08,178.0,0.0,2021_08,231.0
2023,2023_05,2.0,0.0,2023_05,262.0
2023,2023_05,3.0,0.0,2023_05,234.0
2023,2023_05,4.0,0.0,2023_05,261.0
2023,2023_05,10.0,0.0,2023_05,243.0
2023,2023_05,10.0,0.0,2023_05,269.0
2023,2023_05,16.0,0.0,2023_05,260.0
2023,2023_05,16.0,0.0,2023_05,230.0
2023,2023_05,17.0,0.0,2023_05,259.0
2023,2023_05,18.0,0.0,2023_05,233.0
2023,2023_05,19.0,0.0,2023_05,122.0
2023,2023_05,20.0,0.0,2023_05,264.0
2023,2023_05,21.0,0.0,2023_05,266.0
2023,2023_05,22.0,0.0,2023_05,121.0
2023,2023_05,23.0,0.0,2023_05,120.0
2023,2023_05,24.0,0.0,2023_05,265.0
2023,2023_05,25.0,0.0,2023_05,124.0
2023,2023_05,26.0,0.0,2023_05,123.0
2023,2023_05,27.0,0.0,2023_05,249.0
2023,2023_05,28.0,0.0,2023_05,251.0
2023,2023_05,29.0,0.0,2023_05,250.0
2023,2023_05,30.0,0.0,2023_05,199.0
2023,2023_05,31.0,0.0,2023_05,
2023,2023_05,32.0,0.0,2023_05,198.0
2023,2023_05,33.0,0.0,2023_05,200.0
2023,2023_05,35.0,0.0,2023_05,186.0
2023,2023_05,36.0,0.0,2023_05,184.0
2023,2023_05,37.0,0.0,2023_05,185.0
2023,2023_05,38.0,0.0,2023_05,187.0
2023,2023_05,39.0,0.0,2023_05,188.0
2023,2023_05,40.0,0.0,2023_05,248.0
2023,2023_05,41.0,0.0,2023_05,278.0
2023,2023_05,42.0,0.0,2023_05,279.0
2023,2023_05,43.0,0.0,2023_05,207.0
2023,2023_05,44.0,0.0,2023_05,206.0
2023,2023_05,45.0,0.0,2023_05,205.0
2023,2023_05,46.0,0.0,2023_05,239.0
2023,2023_05,47.0,0.0,2023_05,270.0
2023,2023_05,48.0,0.0,2023_05,238.0
2023,2023_05,50.0,0.0,2023_05,150.0
2023,2023_05,51.0,0.0,2023_05,152.0
2023,2023_05,52.0,0.0,2023_05,153.0
2023,2023_05,53.0,0.0,2023_05,151.0
2023,2023_05,54.0,0.0,2023_05,110.0
2023,2023_05,55.0,0.0,2023_05,112.0
2023,2023_05,56.0,0.0,2023_05,114.0
2023,2023_05,57.0,0.0,2023_05,113.0
2023,2023_05,58.0,0.0,2023_05,
2023,2023_05,59.0,0.0,2023_05,111.0
2023,2023_05,60.0,0.0,2023_05,
2023,2023_05,61.0,0.0,2023_05,256.0
2023,2023_05,62.0,0.0,2023_05,163.0
2023,2023_05,63.0,0.0,2023_05,159.0
2023,2023_05,64.0,0.0,2023_05,158.0
2023,2023_05,65.0,0.0,2023_05,160.0
2023,2023_05,66.0,0.0,2023_05,164.0
2023,2023_05,67.0,0.0,2023_05,162.0
2023,2023_05,68.0,0.0,2023_05,161.0
2023,2023_05,69.0,0.0,2023_05,181.0
2023,2023_05,71.0,0.0,2023_05,117.0
2023,2023_05,72.0,0.0,2023_05,119.0
2023,2023_05,73.0,0.0,2023_05,116.0
2023,2023_05,74.0,0.0,2023_05,118.0
2023,2023_05,75.0,0.0,2023_05,115.0
2023,2023_05,76.0,0.0,2023_05,172.0
2023,2023_05,77.0,0.0,2023_05,176.0
2023,2023_05,78.0,0.0,2023_05,173.0
2023,2023_05,79.0,0.0,2023_05,177.0
2023,2023_05,80.0,0.0,2023_05,174.0
2023,2023_05,81.0,0.0,2023_05,175.0
2023,2023_05,82.0,0.0,2023_05,194.0
2023,2023_05,83.0,0.0,2023_05,196.0
2023,2023_05,84.0,0.0,2023_05,195.0
2023,2023_05,85.0,0.0,2023_05,197.0
2023,2023_05,86.0,0.0,2023_05,253.0
2023,2023_05,87.0,0.0,2023_05,252.0
2023,2023_05,88.0,0.0,2023_05,254.0
2023,2023_05,89.0,0.0,2023_05,277.0
2023,2023_05,90.0,0.0,2023_05,169.0
2023,2023_05,91.0,0.0,2023_05,170.0
2023,2023_05,92.0,0.0,2023_05,276.0
2023,2023_05,93.0,0.0,2023_05,171.0
2023,2023_05,94.0,0.0,2023_05,
2023,2023_05,95.0,0.0,2023_05,273.0
2023,2023_05,96.0,0.0,2023_05,219.0
2023,2023_05,97.0,0.0,2023_05,221.0
2023,2023_05,98.0,0.0,2023_05,220.0
2023,2023_05,99.0,0.0,2023_05,211.0
2023,2023_05,100.0,0.0,2023_05,210.0
2023,2023_05,101.0,0.0,2023_05,217.0
2023,2023_05,102.0,0.0,2023_05,208.0
2023,2023_05,103.0,0.0,2023_05,215.0
2023,2023_05,104.0,0.0,2023_05,214.0
2023,2023_05,105.0,0.0,2023_05,213.0
2023,2023_05,106.0,0.0,2023_05,216.0
2023,2023_05,107.0,0.0,2023_05,212.0
2023,2023_05,108.0,0.0,2023_05,272.0
2023,2023_05,109.0,0.0,2023_05,209.0
2023,2023_05,110.0,0.0,2023_05,178.0
2023,2023_05,111.0,0.0,2023_05,275.0
2023,2023_05,112.0,0.0,2023_05,179.0
2023,2023_05,113.0,0.0,2023_05,255.0
2023,2023_05,114.0,0.0,2023_05,189.0
2023,2023_05,115.0,0.0,2023_05,190.0
2023,2023_05,116.0,0.0,2023_05,192.0
2023,2023_05,117.0,0.0,2023_05,191.0
2023,2023_05,118.0,0.0,2023_05,193.0
2023,2023_05,119.0,0.0,2023_05,104.0
2023,2023_05,120.0,0.0,2023_05,103.0
2023,2023_05,121.0,0.0,2023_05,101.0
2023,2023_05,122.0,0.0,2023_05,102.0
2023,2023_05,123.0,0.0,2023_05,105.0
2023,2023_05,124.0,0.0,2023_05,142.0
2023,2023_05,125.0,0.0,2023_05,146.0
2023,2023_05,126.0,0.0,2023_05,147.0
2023,2023_05,127.0,0.0,2023_05,141.0
2023,2023_05,128.0,0.0,2023_05,145.0
2023,2023_05,129.0,0.0,2023_05,143.0
2023,2023_05,130.0,0.0,2023_05,144.0
2023,2023_05,131.0,0.0,2023_05,281.0
2023,2023_05,132.0,0.0,2023_05,271.0
2023,2023_05,133.0,0.0,2023_05,128.0
2023,2023_05,134.0,0.0,2023_05,129.0
2023,2023_05,135.0,0.0,2023_05,126.0
2023,2023_05,136.0,0.0,2023_05,127.0
2023,2023_05,137.0,0.0,2023_05,134.0
2023,2023_05,138.0,0.0,2023_05,136.0
2023,2023_05,139.0,0.0,2023_05,133.0
2023,2023_05,140.0,0.0,2023_05,135.0
2023,2023_05,141.0,0.0,2023_05,132.0
2023,2023_05,142.0,0.0,2023_05,131.0
2023,2023_05,143.0,0.0,2023_05,130.0
2023,2023_05,144.0,0.0,2023_05,226.0
2023,2023_05,145.0,0.0,2023_05,224.0
2023,2023_05,146.0,0.0,2023_05,225.0
2023,2023_05,147.0,0.0,2023_05,228.0
2023,2023_05,148.0,0.0,2023_05,222.0
2023,2023_05,149.0,0.0,2023_05,223.0
2023,2023_05,150.0,0.0,2023_05,227.0
2023,2023_05,151.0,0.0,2023_05,166.0
2023,2023_05,152.0,0.0,2023_05,167.0
2023,2023_05,153.0,0.0,2023_05,168.0
2023,2023_05,154.0,0.0,2023_05,165.0
2023,2023_05,155.0,0.0,2023_05,137.0
2023,2023_05,156.0,0.0,2023_05,139.0
2023,2023_05,157.0,0.0,2023_05,138.0
2023,2023_05,158.0,0.0,2023_05,140.0
2023,2023_05,159.0,0.0,2023_05,
2023,2023_05,160.0,0.0,2023_05,257.0
2023,2023_05,161.0,0.0,2023_05,256.0
2023,2023_05,162.0,0.0,2023_05,156.0
2023,2023_05,163.0,0.0,2023_05,155.0
2023,2023_05,164.0,0.0,2023_05,157.0
2023,2023_05,165.0,0.0,2023_05,154.0
2023,2023_05,166.0,0.0,2023_05,247.0
2023,2023_05,167.0,0.0,2023_05,246.0
2023,2023_05,168.0,0.0,2023_05,245.0
2023,2023_05,169.0,0.0,2023_05,241.0
2023,2023_05,170.0,0.0,2023_05,268.0
2023,2023_05,173.0,0.0,2023_05,280.0
2023,2023_05,174.0,0.0,2023_05,202.0
2023,2023_05,175.0,0.0,2023_05,279.0
2023,2023_05,176.0,0.0,2023_05,168.0
2023,2023_05,177.0,0.0,2023_05,140.0
2023,2023_05,178.0,0.0,2023_05,231.0
2022,2022_04,18.0,0.0,2022_04,233.0
2022,2022_04,29.0,0.0,2022_04,250.0
2022,2022_04,33.0,0.0,2022_04,200.0
2022,2022_04,35.0,0.0,2022_04,186.0
2022,2022_04,36.0,0.0,2022_04,184.0
2022,2022_04,37.0,0.0,2022_04,185.0
2022,2022_04,38.0,0.0,2022_04,187.0
2022,2022_04,39.0,0.0,2022_04,188.0
2022,2022_04,40.0,0.0,2022_04,248.0
2022,2022_04,41.0,0.0,2022_04,278.0
2022,2022_04,42.0,0.0,2022_04,279.0
2022,2022_04,56.0,0.0,2022_04,114.0
2022,2022_04,58.0,0.0,2022_04,
2022,2022_04,65.0,0.0,2022_04,160.0
2022,2022_04,69.0,0.0,2022_04,181.0
2022,2022_04,87.0,0.0,2022_04,252.0
2022,2022_04,116.0,0.0,2022_04,192.0
2022,2022_04,117.0,0.0,2022_04,191.0
2022,2022_04,118.0,0.0,2022_04,193.0
2022,2022_04,119.0,0.0,2022_04,104.0
2022,2022_04,120.0,0.0,2022_04,103.0
2022,2022_04,121.0,0.0,2022_04,101.0
2022,2022_04,123.0,0.0,2022_04,105.0
2022,2022_04,127.0,0.0,2022_04,141.0
2022,2022_04,153.0,0.0,2022_04,168.0
2022,2022_04,163.0,0.0,2022_04,155.0
2022,2022_04,167.0,0.0,2022_04,246.0
2022,2022_04,170.0,0.0,2022_04,268.0
2023,2023_08,2.0,0.0,2023_08,262.0
2023,2023_08,3.0,0.0,2023_08,234.0
2023,2023_08,4.0,0.0,2023_08,261.0
2023,2023_08,10.0,0.0,2023_08,243.0
2023,2023_08,10.0,0.0,2023_08,269.0
2023,2023_08,16.0,0.0,2023_08,260.0
2023,2023_08,16.0,0.0,2023_08,230.0
2023,2023_08,17.0,0.0,2023_08,259.0
2023,2023_08,18.0,0.0,2023_08,233.0
2023,2023_08,19.0,0.0,2023_08,122.0
2023,2023_08,20.0,0.0,2023_08,264.0
2023,2023_08,21.0,0.0,2023_08,266.0
2023,2023_08,22.0,0.0,2023_08,121.0
2023,2023_08,23.0,0.0,2023_08,120.0
2023,2023_08,24.0,0.0,2023_08,265.0
2023,2023_08,25.0,0.0,2023_08,124.0
2023,2023_08,26.0,0.0,2023_08,123.0
2023,2023_08,27.0,0.0,2023_08,249.0
2023,2023_08,28.0,0.0,2023_08,251.0
2023,2023_08,29.0,0.0,2023_08,250.0
2023,2023_08,30.0,0.0,2023_08,199.0
2023,2023_08,31.0,0.0,2023_08,
2023,2023_08,32.0,0.0,2023_08,198.0
2023,2023_08,33.0,0.0,2023_08,200.0
2023,2023_08,35.0,0.0,2023_08,186.0
2023,2023_08,36.0,0.0,2023_08,184.0
2023,2023_08,37.0,0.0,2023_08,185.0
2023,2023_08,38.0,0.0,2023_08,187.0
2023,2023_08,39.0,0.0,2023_08,188.0
2023,2023_08,40.0,0.0,2023_08,248.0
2023,2023_08,41.0,0.0,2023_08,278.0
2023,2023_08,42.0,0.0,2023_08,279.0
2023,2023_08,43.0,0.0,2023_08,207.0
2023,2023_08,44.0,0.0,2023_08,206.0
2023,2023_08,45.0,0.0,2023_08,205.0
2023,2023_08,46.0,0.0,2023_08,239.0
2023,2023_08,47.0,0.0,2023_08,270.0
2023,2023_08,48.0,0.0,2023_08,238.0
2023,2023_08,50.0,0.0,2023_08,150.0
2023,2023_08,51.0,0.0,2023_08,152.0
2023,2023_08,52.0,0.0,2023_08,153.0
2023,2023_08,53.0,0.0,2023_08,151.0
2023,2023_08,54.0,0.0,2023_08,110.0
2023,2023_08,55.0,0.0,2023_08,112.0
2023,2023_08,56.0,0.0,2023_08,114.0
2023,2023_08,57.0,0.0,2023_08,113.0
2023,2023_08,58.0,0.0,2023_08,
2023,2023_08,59.0,0.0,2023_08,111.0
2023,2023_08,60.0,0.0,2023_08,
2023,2023_08,61.0,0.0,2023_08,256.0
2023,2023_08,62.0,0.0,2023_08,163.0
2023,2023_08,63.0,0.0,2023_08,159.0
2023,2023_08,64.0,0.0,2023_08,158.0
2023,2023_08,65.0,0.0,2023_08,160.0
2023,2023_08,66.0,0.0,2023_08,164.0
2023,2023_08,67.0,0.0,2023_08,162.0
2023,2023_08,68.0,0.0,2023_08,161.0
2023,2023_08,69.0,0.0,2023_08,181.0
2023,2023_08,71.0,0.0,2023_08,117.0
2023,2023_08,72.0,0.0,2023_08,119.0
2023,2023_08,73.0,0.0,2023_08,116.0
2023,2023_08,74.0,0.0,2023_08,118.0
2023,2023_08,75.0,0.0,2023_08,115.0
2023,2023_08,76.0,0.0,2023_08,172.0
2023,2023_08,77.0,0.0,2023_08,176.0
2023,2023_08,78.0,0.0,2023_08,173.0
2023,2023_08,79.0,0.0,2023_08,177.0
2023,2023_08,80.0,0.0,2023_08,174.0
2023,2023_08,81.0,0.0,2023_08,175.0
2023,2023_08,82.0,0.0,2023_08,194.0
2023,2023_08,83.0,0.0,2023_08,196.0
2023,2023_08,84.0,0.0,2023_08,195.0
2023,2023_08,85.0,0.0,2023_08,197.0
2023,2023_08,86.0,0.0,2023_08,253.0
2023,2023_08,87.0,0.0,2023_08,252.0
2023,2023_08,88.0,0.0,2023_08,254.0
2023,2023_08,89.0,0.0,2023_08,277.0
2023,2023_08,90.0,0.0,2023_08,169.0
2023,2023_08,91.0,0.0,2023_08,170.0
2023,2023_08,92.0,0.0,2023_08,276.0
2023,2023_08,93.0,0.0,2023_08,171.0
2023,2023_08,94.0,0.0,2023_08,
2023,2023_08,95.0,0.0,2023_08,273.0
2023,2023_08,96.0,0.0,2023_08,219.0
2023,2023_08,97.0,0.0,2023_08,221.0
2023,2023_08,98.0,0.0,2023_08,220.0
2023,2023_08,99.0,0.0,2023_08,211.0
2023,2023_08,100.0,0.0,2023_08,210.0
2023,2023_08,101.0,0.0,2023_08,217.0
2023,2023_08,102.0,0.0,2023_08,208.0
2023,2023_08,103.0,0.0,2023_08,215.0
2023,2023_08,104.0,0.0,2023_08,214.0
2023,2023_08,105.0,0.0,2023_08,213.0
2023,2023_08,106.0,0.0,2023_08,216.0
2023,2023_08,107.0,0.0,2023_08,212.0
2023,2023_08,108.0,0.0,2023_08,272.0
2023,2023_08,109.0,0.0,2023_08,209.0
2023,2023_08,110.0,0.0,2023_08,178.0
2023,2023_08,111.0,0.0,2023_08,275.0
2023,2023_08,112.0,0.0,2023_08,179.0
2023,2023_08,113.0,0.0,2023_08,255.0
2023,2023_08,114.0,0.0,2023_08,189.0
2023,2023_08,115.0,0.0,2023_08,190.0
2023,2023_08,116.0,0.0,2023_08,192.0
2023,2023_08,117.0,0.0,2023_08,191.0
2023,2023_08,118.0,0.0,2023_08,193.0
2023,2023_08,119.0,0.0,2023_08,104.0
2023,2023_08,120.0,0.0,2023_08,103.0
2023,2023_08,121.0,0.0,2023_08,101.0
2023,2023_08,122.0,0.0,2023_08,102.0
2023,2023_08,123.0,0.0,2023_08,105.0
2023,2023_08,124.0,0.0,2023_08,142.0
2023,2023_08,125.0,0.0,2023_08,146.0
2023,2023_08,126.0,0.0,2023_08,147.0
2023,2023_08,127.0,0.0,2023_08,141.0
2023,2023_08,128.0,0.0,2023_08,145.0
2023,2023_08,129.0,0.0,2023_08,143.0
2023,2023_08,130.0,0.0,2023_08,144.0
2023,2023_08,131.0,0.0,2023_08,281.0
2023,2023_08,132.0,0.0,2023_08,271.0
2023,2023_08,133.0,0.0,2023_08,128.0
2023,2023_08,134.0,0.0,2023_08,129.0
2023,2023_08,135.0,0.0,2023_08,126.0
2023,2023_08,136.0,0.0,2023_08,127.0
2023,2023_08,137.0,0.0,2023_08,134.0
2023,2023_08,138.0,0.0,2023_08,136.0
2023,2023_08,139.0,0.0,2023_08,133.0
2023,2023_08,140.0,0.0,2023_08,135.0
2023,2023_08,141.0,0.0,2023_08,132.0
2023,2023_08,142.0,0.0,2023_08,131.0
2023,2023_08,143.0,0.0,2023_08,130.0
2023,2023_08,144.0,0.0,2023_08,226.0
2023,2023_08,145.0,0.0,2023_08,224.0
2023,2023_08,146.0,0.0,2023_08,225.0
2023,2023_08,147.0,0.0,2023_08,228.0
2023,2023_08,148.0,0.0,2023_08,222.0
2023,2023_08,149.0,0.0,2023_08,223.0
2023,2023_08,150.0,0.0,2023_08,227.0
2023,2023_08,151.0,0.0,2023_08,166.0
2023,2023_08,152.0,0.0,2023_08,167.0
2023,2023_08,153.0,0.0,2023_08,168.0
2023,2023_08,154.0,0.0,2023_08,165.0
2023,2023_08,155.0,0.0,2023_08,137.0
2023,2023_08,156.0,0.0,2023_08,139.0
2023,2023_08,157.0,0.0,2023_08,138.0
2023,2023_08,158.0,0.0,2023_08,140.0
2023,2023_08,159.0,0.0,2023_08,
2023,2023_08,160.0,0.0,2023_08,257.0
2023,2023_08,161.0,0.0,2023_08,256.0
2023,2023_08,162.0,0.0,2023_08,156.0
2023,2023_08,163.0,0.0,2023_08,155.0
2023,2023_08,164.0,0.0,2023_08,157.0
2023,2023_08,165.0,0.0,2023_08,154.0
2023,2023_08,166.0,0.0,2023_08,247.0
2023,2023_08,167.0,0.0,2023_08,246.0
2023,2023_08,168.0,0.0,2023_08,245.0
2023,2023_08,169.0,0.0,2023_08,241.0
2023,2023_08,170.0,0.0,2023_08,268.0
2023,2023_08,173.0,0.0,2023_08,280.0
2023,2023_08,174.0,0.0,2023_08,202.0
2023,2023_08,175.0,0.0,2023_08,279.0
2023,2023_08,176.0,0.0,2023_08,168.0
2023,2023_08,177.0,0.0,2023_08,140.0
2023,2023_08,178.0,0.0,2023_08,231.0
2023,2023_08,188.0,0.0,2023_08,269.0
2022,2022_07,2.0,0.0,2022_07,262.0
2022,2022_07,3.0,0.0,2022_07,234.0
2022,2022_07,4.0,0.0,2022_07,261.0
2022,2022_07,10.0,1.0,2022_07,243.0
2022,2022_07,10.0,1.0,2022_07,269.0
2022,2022_07,16.0,0.0,2022_07,260.0
2022,2022_07,16.0,0.0,2022_07,230.0
2022,2022_07,17.0,0.0,2022_07,259.0
2022,2022_07,18.0,0.0,2022_07,233.0
2022,2022_07,19.0,0.0,2022_07,122.0
2022,2022_07,20.0,0.0,2022_07,264.0
2022,2022_07,21.0,1.0,2022_07,266.0
2022,2022_07,22.0,0.0,2022_07,121.0
2022,2022_07,23.0,0.0,2022_07,120.0
2022,2022_07,24.0,0.0,2022_07,265.0
2022,2022_07,25.0,0.0,2022_07,124.0
2022,2022_07,26.0,0.0,2022_07,123.0
2022,2022_07,27.0,0.0,2022_07,249.0
2022,2022_07,28.0,0.0,2022_07,251.0
2022,2022_07,29.0,0.0,2022_07,250.0
2022,2022_07,30.0,1.0,2022_07,199.0
2022,2022_07,31.0,0.0,2022_07,
2022,2022_07,32.0,0.0,2022_07,198.0
2022,2022_07,33.0,0.0,2022_07,200.0
2022,2022_07,35.0,0.0,2022_07,186.0
2022,2022_07,36.0,0.0,2022_07,184.0
2022,2022_07,37.0,0.0,2022_07,185.0
2022,2022_07,38.0,0.0,2022_07,187.0
2022,2022_07,39.0,0.0,2022_07,188.0
2022,2022_07,40.0,0.0,2022_07,248.0
2022,2022_07,41.0,0.0,2022_07,278.0
2022,2022_07,42.0,0.0,2022_07,279.0
2022,2022_07,43.0,0.0,2022_07,207.0
2022,2022_07,44.0,0.0,2022_07,206.0
2022,2022_07,45.0,0.0,2022_07,205.0
2022,2022_07,46.0,1.0,2022_07,239.0
2022,2022_07,47.0,3.0,2022_07,270.0
2022,2022_07,48.0,0.0,2022_07,238.0
2022,2022_07,50.0,0.0,2022_07,150.0
2022,2022_07,51.0,0.0,2022_07,152.0
2022,2022_07,52.0,0.0,2022_07,153.0
2022,2022_07,53.0,1.0,2022_07,151.0
2022,2022_07,54.0,0.0,2022_07,110.0
2022,2022_07,55.0,0.0,2022_07,112.0
2022,2022_07,56.0,0.0,2022_07,114.0
2022,2022_07,57.0,0.0,2022_07,113.0
2022,2022_07,58.0,0.0,2022_07,
2022,2022_07,59.0,0.0,2022_07,111.0
2022,2022_07,60.0,0.0,2022_07,
2022,2022_07,61.0,0.0,2022_07,256.0
2022,2022_07,62.0,0.0,2022_07,163.0
2022,2022_07,63.0,0.0,2022_07,159.0
2022,2022_07,64.0,0.0,2022_07,158.0
2022,2022_07,65.0,0.0,2022_07,160.0
2022,2022_07,66.0,0.0,2022_07,164.0
2022,2022_07,67.0,0.0,2022_07,162.0
2022,2022_07,68.0,0.0,2022_07,161.0
2022,2022_07,69.0,0.0,2022_07,181.0
2022,2022_07,71.0,0.0,2022_07,117.0
2022,2022_07,72.0,0.0,2022_07,119.0
2022,2022_07,73.0,0.0,2022_07,116.0
2022,2022_07,74.0,0.0,2022_07,118.0
2022,2022_07,75.0,0.0,2022_07,115.0
2022,2022_07,76.0,0.0,2022_07,172.0
2022,2022_07,77.0,0.0,2022_07,176.0
2022,2022_07,78.0,0.0,2022_07,173.0
2022,2022_07,79.0,0.0,2022_07,177.0
2022,2022_07,80.0,0.0,2022_07,174.0
2022,2022_07,81.0,0.0,2022_07,175.0
2022,2022_07,82.0,15.0,2022_07,194.0
2022,2022_07,83.0,0.0,2022_07,196.0
2022,2022_07,84.0,0.0,2022_07,195.0
2022,2022_07,85.0,0.0,2022_07,197.0
2022,2022_07,86.0,0.0,2022_07,253.0
2022,2022_07,87.0,0.0,2022_07,252.0
2022,2022_07,88.0,0.0,2022_07,254.0
2022,2022_07,89.0,0.0,2022_07,277.0
2022,2022_07,90.0,0.0,2022_07,169.0
2022,2022_07,91.0,0.0,2022_07,170.0
2022,2022_07,92.0,0.0,2022_07,276.0
2022,2022_07,93.0,0.0,2022_07,171.0
2022,2022_07,94.0,0.0,2022_07,
2022,2022_07,95.0,0.0,2022_07,273.0
2022,2022_07,96.0,0.0,2022_07,219.0
2022,2022_07,97.0,0.0,2022_07,221.0
2022,2022_07,98.0,0.0,2022_07,220.0
2022,2022_07,99.0,0.0,2022_07,211.0
2022,2022_07,100.0,0.0,2022_07,210.0
2022,2022_07,101.0,0.0,2022_07,217.0
2022,2022_07,102.0,0.0,2022_07,208.0
2022,2022_07,103.0,0.0,2022_07,215.0
2022,2022_07,104.0,0.0,2022_07,214.0
2022,2022_07,105.0,0.0,2022_07,213.0
2022,2022_07,106.0,0.0,2022_07,216.0
2022,2022_07,107.0,0.0,2022_07,212.0
2022,2022_07,108.0,0.0,2022_07,272.0
2022,2022_07,109.0,0.0,2022_07,209.0
2022,2022_07,110.0,0.0,2022_07,178.0
2022,2022_07,111.0,0.0,2022_07,275.0
2022,2022_07,112.0,0.0,2022_07,179.0
2022,2022_07,113.0,0.0,2022_07,255.0
2022,2022_07,114.0,0.0,2022_07,189.0
2022,2022_07,115.0,0.0,2022_07,190.0
2022,2022_07,116.0,0.0,2022_07,192.0
2022,2022_07,117.0,3.0,2022_07,191.0
2022,2022_07,118.0,1.0,2022_07,193.0
2022,2022_07,119.0,0.0,2022_07,104.0
2022,2022_07,120.0,0.0,2022_07,103.0
2022,2022_07,121.0,0.0,2022_07,101.0
2022,2022_07,122.0,0.0,2022_07,102.0
2022,2022_07,123.0,0.0,2022_07,105.0
2022,2022_07,124.0,0.0,2022_07,142.0
2022,2022_07,125.0,0.0,2022_07,146.0
2022,2022_07,126.0,0.0,2022_07,147.0
2022,2022_07,127.0,0.0,2022_07,141.0
2022,2022_07,128.0,0.0,2022_07,145.0
2022,2022_07,129.0,0.0,2022_07,143.0
2022,2022_07,130.0,0.0,2022_07,144.0
2022,2022_07,131.0,0.0,2022_07,281.0
2022,2022_07,132.0,1.0,2022_07,271.0
2022,2022_07,133.0,0.0,2022_07,128.0
2022,2022_07,134.0,0.0,2022_07,129.0
2022,2022_07,135.0,0.0,2022_07,126.0
2022,2022_07,136.0,0.0,2022_07,127.0
2022,2022_07,137.0,1.0,2022_07,134.0
2022,2022_07,138.0,0.0,2022_07,136.0
2022,2022_07,139.0,0.0,2022_07,133.0
2022,2022_07,140.0,12.0,2022_07,135.0
2022,2022_07,141.0,0.0,2022_07,132.0
2022,2022_07,142.0,0.0,2022_07,131.0
2022,2022_07,143.0,0.0,2022_07,130.0
2022,2022_07,144.0,0.0,2022_07,226.0
2022,2022_07,145.0,0.0,2022_07,224.0
2022,2022_07,146.0,0.0,2022_07,225.0
2022,2022_07,147.0,7.0,2022_07,228.0
2022,2022_07,148.0,0.0,2022_07,222.0
2022,2022_07,149.0,1.0,2022_07,223.0
2022,2022_07,150.0,0.0,2022_07,227.0
2022,2022_07,151.0,0.0,2022_07,166.0
2022,2022_07,152.0,0.0,2022_07,167.0
2022,2022_07,153.0,0.0,2022_07,168.0
2022,2022_07,154.0,0.0,2022_07,165.0
2022,2022_07,155.0,8.0,2022_07,137.0
2022,2022_07,156.0,0.0,2022_07,139.0
2022,2022_07,157.0,0.0,2022_07,138.0
2022,2022_07,158.0,0.0,2022_07,140.0
2022,2022_07,159.0,0.0,2022_07,
2022,2022_07,160.0,2.0,2022_07,257.0
2022,2022_07,161.0,0.0,2022_07,256.0
2022,2022_07,162.0,0.0,2022_07,156.0
2022,2022_07,163.0,0.0,2022_07,155.0
2022,2022_07,164.0,0.0,2022_07,157.0
2022,2022_07,165.0,0.0,2022_07,154.0
2022,2022_07,166.0,2.0,2022_07,247.0
2022,2022_07,167.0,0.0,2022_07,246.0
2022,2022_07,168.0,0.0,2022_07,245.0
2022,2022_07,169.0,0.0,2022_07,241.0
2022,2022_07,170.0,0.0,2022_07,268.0
2022,2022_07,173.0,0.0,2022_07,280.0
2022,2022_07,174.0,0.0,2022_07,202.0
2022,2022_07,175.0,0.0,2022_07,279.0
2022,2022_07,176.0,0.0,2022_07,168.0
2022,2022_07,177.0,0.0,2022_07,140.0
2022,2022_07,178.0,0.0,2022_07,231.0
2022,2022_12,39.0,0.0,2022_12,188.0
2021,2021_10,2.0,0.0,2021_10,262.0
2021,2021_10,3.0,0.0,2021_10,234.0
2021,2021_10,4.0,0.0,2021_10,261.0
2021,2021_10,10.0,0.0,2021_10,243.0
2021,2021_10,10.0,0.0,2021_10,269.0
2021,2021_10,16.0,0.0,2021_10,260.0
2021,2021_10,16.0,0.0,2021_10,230.0
2021,2021_10,17.0,0.0,2021_10,259.0
2021,2021_10,18.0,0.0,2021_10,233.0
2021,2021_10,19.0,0.0,2021_10,122.0
2021,2021_10,20.0,0.0,2021_10,264.0
2021,2021_10,21.0,0.0,2021_10,266.0
2021,2021_10,22.0,0.0,2021_10,121.0
2021,2021_10,23.0,0.0,2021_10,120.0
2021,2021_10,24.0,0.0,2021_10,265.0
2021,2021_10,25.0,0.0,2021_10,124.0
2021,2021_10,26.0,0.0,2021_10,123.0
2021,2021_10,27.0,0.0,2021_10,249.0
2021,2021_10,28.0,0.0,2021_10,251.0
2021,2021_10,29.0,0.0,2021_10,250.0
2021,2021_10,30.0,0.0,2021_10,199.0
2021,2021_10,31.0,0.0,2021_10,
2021,2021_10,32.0,0.0,2021_10,198.0
2021,2021_10,33.0,0.0,2021_10,200.0
2021,2021_10,35.0,0.0,2021_10,186.0
2021,2021_10,36.0,0.0,2021_10,184.0
2021,2021_10,37.0,0.0,2021_10,185.0
2021,2021_10,38.0,0.0,2021_10,187.0
2021,2021_10,39.0,0.0,2021_10,188.0
2021,2021_10,40.0,0.0,2021_10,248.0
2021,2021_10,41.0,0.0,2021_10,278.0
2021,2021_10,42.0,0.0,2021_10,279.0
2021,2021_10,43.0,0.0,2021_10,207.0
2021,2021_10,44.0,0.0,2021_10,206.0
2021,2021_10,45.0,0.0,2021_10,205.0
2021,2021_10,46.0,0.0,2021_10,239.0
2021,2021_10,47.0,0.0,2021_10,270.0
2021,2021_10,48.0,0.0,2021_10,238.0
2021,2021_10,50.0,0.0,2021_10,150.0
2021,2021_10,51.0,0.0,2021_10,152.0
2021,2021_10,52.0,0.0,2021_10,153.0
2021,2021_10,53.0,0.0,2021_10,151.0
2021,2021_10,54.0,0.0,2021_10,110.0
2021,2021_10,55.0,0.0,2021_10,112.0
2021,2021_10,56.0,0.0,2021_10,114.0
2021,2021_10,57.0,0.0,2021_10,113.0
2021,2021_10,58.0,0.0,2021_10,
2021,2021_10,59.0,0.0,2021_10,111.0
2021,2021_10,60.0,0.0,2021_10,
2021,2021_10,61.0,0.0,2021_10,256.0
2021,2021_10,62.0,0.0,2021_10,163.0
2021,2021_10,63.0,0.0,2021_10,159.0
2021,2021_10,64.0,0.0,2021_10,158.0
2021,2021_10,65.0,0.0,2021_10,160.0
2021,2021_10,66.0,0.0,2021_10,164.0
2021,2021_10,67.0,0.0,2021_10,162.0
2021,2021_10,68.0,0.0,2021_10,161.0
2021,2021_10,69.0,0.0,2021_10,181.0
2021,2021_10,71.0,0.0,2021_10,117.0
2021,2021_10,72.0,0.0,2021_10,119.0
2021,2021_10,73.0,0.0,2021_10,116.0
2021,2021_10,74.0,0.0,2021_10,118.0
2021,2021_10,75.0,0.0,2021_10,115.0
2021,2021_10,76.0,0.0,2021_10,172.0
2021,2021_10,77.0,0.0,2021_10,176.0
2021,2021_10,78.0,0.0,2021_10,173.0
2021,2021_10,79.0,0.0,2021_10,177.0
2021,2021_10,80.0,0.0,2021_10,174.0
2021,2021_10,81.0,0.0,2021_10,175.0
2021,2021_10,82.0,0.0,2021_10,194.0
2021,2021_10,83.0,0.0,2021_10,196.0
2021,2021_10,84.0,0.0,2021_10,195.0
2021,2021_10,85.0,0.0,2021_10,197.0
2021,2021_10,86.0,0.0,2021_10,253.0
2021,2021_10,87.0,0.0,2021_10,252.0
2021,2021_10,88.0,0.0,2021_10,254.0
2021,2021_10,89.0,0.0,2021_10,277.0
2021,2021_10,90.0,0.0,2021_10,169.0
2021,2021_10,91.0,0.0,2021_10,170.0
2021,2021_10,92.0,0.0,2021_10,276.0
2021,2021_10,93.0,0.0,2021_10,171.0
2021,2021_10,94.0,0.0,2021_10,
2021,2021_10,95.0,0.0,2021_10,273.0
2021,2021_10,96.0,0.0,2021_10,219.0
2021,2021_10,97.0,0.0,2021_10,221.0
2021,2021_10,98.0,0.0,2021_10,220.0
2021,2021_10,99.0,0.0,2021_10,211.0
2021,2021_10,100.0,0.0,2021_10,210.0
2021,2021_10,101.0,0.0,2021_10,217.0
2021,2021_10,102.0,0.0,2021_10,208.0
2021,2021_10,103.0,0.0,2021_10,215.0
2021,2021_10,104.0,0.0,2021_10,214.0
2021,2021_10,105.0,0.0,2021_10,213.0
2021,2021_10,106.0,0.0,2021_10,216.0
2021,2021_10,107.0,0.0,2021_10,212.0
2021,2021_10,108.0,0.0,2021_10,272.0
2021,2021_10,109.0,0.0,2021_10,209.0
2021,2021_10,110.0,0.0,2021_10,178.0
2021,2021_10,111.0,0.0,2021_10,275.0
2021,2021_10,112.0,0.0,2021_10,179.0
2021,2021_10,113.0,0.0,2021_10,255.0
2021,2021_10,114.0,0.0,2021_10,189.0
2021,2021_10,115.0,0.0,2021_10,190.0
2021,2021_10,116.0,0.0,2021_10,192.0
2021,2021_10,117.0,0.0,2021_10,191.0
2021,2021_10,118.0,0.0,2021_10,193.0
2021,2021_10,119.0,0.0,2021_10,104.0
2021,2021_10,120.0,0.0,2021_10,103.0
2021,2021_10,121.0,0.0,2021_10,101.0
2021,2021_10,122.0,0.0,2021_10,102.0
2021,2021_10,123.0,0.0,2021_10,105.0
2021,2021_10,124.0,0.0,2021_10,142.0
2021,2021_10,125.0,0.0,2021_10,146.0
2021,2021_10,126.0,0.0,2021_10,147.0
2021,2021_10,127.0,0.0,2021_10,141.0
2021,2021_10,128.0,0.0,2021_10,145.0
2021,2021_10,129.0,0.0,2021_10,143.0
2021,2021_10,130.0,0.0,2021_10,144.0
2021,2021_10,131.0,0.0,2021_10,281.0
2021,2021_10,132.0,0.0,2021_10,271.0
2021,2021_10,133.0,0.0,2021_10,128.0
2021,2021_10,134.0,0.0,2021_10,129.0
2021,2021_10,135.0,0.0,2021_10,126.0
2021,2021_10,136.0,0.0,2021_10,127.0
2021,2021_10,137.0,0.0,2021_10,134.0
2021,2021_10,138.0,0.0,2021_10,136.0
2021,2021_10,139.0,0.0,2021_10,133.0
2021,2021_10,140.0,0.0,2021_10,135.0
2021,2021_10,141.0,0.0,2021_10,132.0
2021,2021_10,142.0,0.0,2021_10,131.0
2021,2021_10,143.0,0.0,2021_10,130.0
2021,2021_10,144.0,0.0,2021_10,226.0
2021,2021_10,145.0,0.0,2021_10,224.0
2021,2021_10,146.0,0.0,2021_10,225.0
2021,2021_10,147.0,0.0,2021_10,228.0
2021,2021_10,148.0,0.0,2021_10,222.0
2021,2021_10,149.0,0.0,2021_10,223.0
2021,2021_10,150.0,0.0,2021_10,227.0
2021,2021_10,151.0,0.0,2021_10,166.0
2021,2021_10,152.0,0.0,2021_10,167.0
2021,2021_10,153.0,0.0,2021_10,168.0
2021,2021_10,154.0,0.0,2021_10,165.0
2021,2021_10,155.0,0.0,2021_10,137.0
2021,2021_10,156.0,0.0,2021_10,139.0
2021,2021_10,157.0,0.0,2021_10,138.0
2021,2021_10,158.0,0.0,2021_10,140.0
2021,2021_10,159.0,0.0,2021_10,
2021,2021_10,160.0,0.0,2021_10,257.0
2021,2021_10,161.0,0.0,2021_10,256.0
2021,2021_10,162.0,0.0,2021_10,156.0
2021,2021_10,163.0,0.0,2021_10,155.0
2021,2021_10,164.0,0.0,2021_10,157.0
2021,2021_10,165.0,0.0,2021_10,154.0
2021,2021_10,166.0,0.0,2021_10,247.0
2021,2021_10,167.0,0.0,2021_10,246.0
2021,2021_10,168.0,0.0,2021_10,245.0
2021,2021_10,169.0,0.0,2021_10,241.0
2021,2021_10,170.0,0.0,2021_10,268.0
2021,2021_10,173.0,0.0,2021_10,280.0
2021,2021_10,174.0,0.0,2021_10,202.0
2021,2021_10,175.0,0.0,2021_10,279.0
2021,2021_10,176.0,0.0,2021_10,168.0
2021,2021_10,177.0,0.0,2021_10,140.0
2021,2021_10,178.0,0.0,2021_10,231.0
2021,2021_06,2.0,0.0,2021_06,262.0
2021,2021_06,3.0,0.0,2021_06,234.0
2021,2021_06,4.0,0.0,2021_06,261.0
2021,2021_06,10.0,0.0,2021_06,243.0
2021,2021_06,10.0,0.0,2021_06,269.0
2021,2021_06,16.0,0.0,2021_06,260.0
2021,2021_06,16.0,0.0,2021_06,230.0
2021,2021_06,17.0,0.0,2021_06,259.0
2021,2021_06,18.0,0.0,2021_06,233.0
2021,2021_06,19.0,0.0,2021_06,122.0
2021,2021_06,20.0,0.0,2021_06,264.0
2021,2021_06,21.0,0.0,2021_06,266.0
2021,2021_06,22.0,0.0,2021_06,121.0
2021,2021_06,23.0,0.0,2021_06,120.0
2021,2021_06,24.0,0.0,2021_06,265.0
2021,2021_06,25.0,0.0,2021_06,124.0
2021,2021_06,26.0,0.0,2021_06,123.0
2021,2021_06,27.0,0.0,2021_06,249.0
2021,2021_06,28.0,0.0,2021_06,251.0
2021,2021_06,29.0,0.0,2021_06,250.0
2021,2021_06,30.0,0.0,2021_06,199.0
2021,2021_06,31.0,0.0,2021_06,
2021,2021_06,32.0,0.0,2021_06,198.0
2021,2021_06,33.0,0.0,2021_06,200.0
2021,2021_06,35.0,0.0,2021_06,186.0
2021,2021_06,36.0,0.0,2021_06,184.0
2021,2021_06,37.0,0.0,2021_06,185.0
2021,2021_06,38.0,0.0,2021_06,187.0
2021,2021_06,39.0,0.0,2021_06,188.0
2021,2021_06,40.0,0.0,2021_06,248.0
2021,2021_06,41.0,0.0,2021_06,278.0
2021,2021_06,42.0,0.0,2021_06,279.0
2021,2021_06,43.0,0.0,2021_06,207.0
2021,2021_06,44.0,0.0,2021_06,206.0
2021,2021_06,45.0,0.0,2021_06,205.0
2021,2021_06,46.0,0.0,2021_06,239.0
2021,2021_06,47.0,0.0,2021_06,270.0
2021,2021_06,48.0,0.0,2021_06,238.0
2021,2021_06,50.0,0.0,2021_06,150.0
2021,2021_06,51.0,0.0,2021_06,152.0
2021,2021_06,52.0,0.0,2021_06,153.0
2021,2021_06,53.0,0.0,2021_06,151.0
2021,2021_06,54.0,0.0,2021_06,110.0
2021,2021_06,55.0,0.0,2021_06,112.0
2021,2021_06,56.0,0.0,2021_06,114.0
2021,2021_06,57.0,0.0,2021_06,113.0
2021,2021_06,58.0,0.0,2021_06,
2021,2021_06,59.0,0.0,2021_06,111.0
2021,2021_06,60.0,0.0,2021_06,
2021,2021_06,61.0,0.0,2021_06,256.0
2021,2021_06,62.0,0.0,2021_06,163.0
2021,2021_06,63.0,0.0,2021_06,159.0
2021,2021_06,64.0,0.0,2021_06,158.0
2021,2021_06,65.0,0.0,2021_06,160.0
2021,2021_06,66.0,0.0,2021_06,164.0
2021,2021_06,67.0,0.0,2021_06,162.0
2021,2021_06,68.0,0.0,2021_06,161.0
2021,2021_06,69.0,0.0,2021_06,181.0
2021,2021_06,71.0,0.0,2021_06,117.0
2021,2021_06,72.0,0.0,2021_06,119.0
2021,2021_06,73.0,0.0,2021_06,116.0
2021,2021_06,74.0,0.0,2021_06,118.0
2021,2021_06,75.0,0.0,2021_06,115.0
2021,2021_06,76.0,0.0,2021_06,172.0
2021,2021_06,77.0,0.0,2021_06,176.0
2021,2021_06,78.0,0.0,2021_06,173.0
2021,2021_06,79.0,0.0,2021_06,177.0
2021,2021_06,80.0,0.0,2021_06,174.0
2021,2021_06,81.0,0.0,2021_06,175.0
2021,2021_06,82.0,0.0,2021_06,194.0
2021,2021_06,83.0,0.0,2021_06,196.0
2021,2021_06,84.0,0.0,2021_06,195.0
2021,2021_06,85.0,0.0,2021_06,197.0
2021,2021_06,86.0,0.0,2021_06,253.0
2021,2021_06,87.0,0.0,2021_06,252.0
2021,2021_06,88.0,0.0,2021_06,254.0
2021,2021_06,89.0,0.0,2021_06,277.0
2021,2021_06,90.0,0.0,2021_06,169.0
2021,2021_06,91.0,0.0,2021_06,170.0
2021,2021_06,92.0,0.0,2021_06,276.0
2021,2021_06,93.0,0.0,2021_06,171.0
2021,2021_06,94.0,0.0,2021_06,
2021,2021_06,95.0,0.0,2021_06,273.0
2021,2021_06,96.0,0.0,2021_06,219.0
2021,2021_06,97.0,0.0,2021_06,221.0
2021,2021_06,98.0,0.0,2021_06,220.0
2021,2021_06,99.0,0.0,2021_06,211.0
2021,2021_06,100.0,0.0,2021_06,210.0
2021,2021_06,101.0,0.0,2021_06,217.0
2021,2021_06,102.0,0.0,2021_06,208.0
2021,2021_06,103.0,0.0,2021_06,215.0
2021,2021_06,104.0,0.0,2021_06,214.0
2021,2021_06,105.0,0.0,2021_06,213.0
2021,2021_06,106.0,0.0,2021_06,216.0
2021,2021_06,107.0,0.0,2021_06,212.0
2021,2021_06,108.0,0.0,2021_06,272.0
2021,2021_06,109.0,0.0,2021_06,209.0
2021,2021_06,110.0,0.0,2021_06,178.0
2021,2021_06,111.0,0.0,2021_06,275.0
2021,2021_06,112.0,0.0,2021_06,179.0
2021,2021_06,113.0,0.0,2021_06,255.0
2021,2021_06,114.0,0.0,2021_06,189.0
2021,2021_06,115.0,0.0,2021_06,190.0
2021,2021_06,116.0,0.0,2021_06,192.0
2021,2021_06,117.0,0.0,2021_06,191.0
2021,2021_06,118.0,0.0,2021_06,193.0
2021,2021_06,119.0,0.0,2021_06,104.0
2021,2021_06,120.0,0.0,2021_06,103.0
2021,2021_06,121.0,0.0,2021_06,101.0
2021,2021_06,122.0,0.0,2021_06,102.0
2021,2021_06,123.0,0.0,2021_06,105.0
2021,2021_06,124.0,0.0,2021_06,142.0
2021,2021_06,125.0,0.0,2021_06,146.0
2021,2021_06,126.0,0.0,2021_06,147.0
2021,2021_06,127.0,0.0,2021_06,141.0
2021,2021_06,128.0,0.0,2021_06,145.0
2021,2021_06,129.0,0.0,2021_06,143.0
2021,2021_06,130.0,0.0,2021_06,144.0
2021,2021_06,131.0,0.0,2021_06,281.0
2021,2021_06,132.0,0.0,2021_06,271.0
2021,2021_06,133.0,0.0,2021_06,128.0
2021,2021_06,134.0,0.0,2021_06,129.0
2021,2021_06,135.0,0.0,2021_06,126.0
2021,2021_06,136.0,0.0,2021_06,127.0
2021,2021_06,137.0,0.0,2021_06,134.0
2021,2021_06,138.0,0.0,2021_06,136.0
2021,2021_06,139.0,0.0,2021_06,133.0
2021,2021_06,140.0,0.0,2021_06,135.0
2021,2021_06,141.0,0.0,2021_06,132.0
2021,2021_06,142.0,0.0,2021_06,131.0
2021,2021_06,143.0,0.0,2021_06,130.0
2021,2021_06,144.0,0.0,2021_06,226.0
2021,2021_06,145.0,0.0,2021_06,224.0
2021,2021_06,146.0,0.0,2021_06,225.0
2021,2021_06,147.0,0.0,2021_06,228.0
2021,2021_06,148.0,0.0,2021_06,222.0
2021,2021_06,149.0,0.0,2021_06,223.0
2021,2021_06,150.0,0.0,2021_06,227.0
2021,2021_06,151.0,0.0,2021_06,166.0
2021,2021_06,152.0,0.0,2021_06,167.0
2021,2021_06,153.0,0.0,2021_06,168.0
2021,2021_06,154.0,0.0,2021_06,165.0
2021,2021_06,155.0,0.0,2021_06,137.0
2021,2021_06,156.0,0.0,2021_06,139.0
2021,2021_06,157.0,0.0,2021_06,138.0
2021,2021_06,158.0,0.0,2021_06,140.0
2021,2021_06,159.0,0.0,2021_06,
2021,2021_06,160.0,0.0,2021_06,257.0
2021,2021_06,161.0,0.0,2021_06,256.0
2021,2021_06,162.0,0.0,2021_06,156.0
2021,2021_06,163.0,0.0,2021_06,155.0
2021,2021_06,164.0,0.0,2021_06,157.0
2021,2021_06,165.0,0.0,2021_06,154.0
2021,2021_06,166.0,0.0,2021_06,247.0
2021,2021_06,167.0,0.0,2021_06,246.0
2021,2021_06,168.0,0.0,2021_06,245.0
2021,2021_06,169.0,0.0,2021_06,241.0
2021,2021_06,170.0,0.0,2021_06,268.0
2021,2021_06,173.0,0.0,2021_06,280.0
2021,2021_06,174.0,0.0,2021_06,202.0
2021,2021_06,175.0,0.0,2021_06,279.0
2021,2021_06,176.0,0.0,2021_06,168.0
2021,2021_06,177.0,0.0,2021_06,140.0
2021,2021_06,178.0,0.0,2021_06,231.0
2021,2021_07,2.0,0.0,2021_07,262.0
2021,2021_07,3.0,0.0,2021_07,234.0
2021,2021_07,4.0,0.0,2021_07,261.0
2021,2021_07,10.0,0.0,2021_07,243.0
2021,2021_07,10.0,0.0,2021_07,269.0
2021,2021_07,16.0,0.0,2021_07,260.0
2021,2021_07,16.0,0.0,2021_07,230.0
2021,2021_07,17.0,0.0,2021_07,259.0
2021,2021_07,18.0,0.0,2021_07,233.0
2021,2021_07,19.0,0.0,2021_07,122.0
2021,2021_07,20.0,0.0,2021_07,264.0
2021,2021_07,21.0,0.0,2021_07,266.0
2021,2021_07,22.0,0.0,2021_07,121.0
2021,2021_07,23.0,0.0,2021_07,120.0
2021,2021_07,24.0,0.0,2021_07,265.0
2021,2021_07,25.0,0.0,2021_07,124.0
2021,2021_07,26.0,0.0,2021_07,123.0
2021,2021_07,27.0,0.0,2021_07,249.0
2021,2021_07,28.0,0.0,2021_07,251.0
2021,2021_07,29.0,0.0,2021_07,250.0
2021,2021_07,30.0,0.0,2021_07,199.0
2021,2021_07,31.0,0.0,2021_07,
2021,2021_07,32.0,0.0,2021_07,198.0
2021,2021_07,33.0,0.0,2021_07,200.0
2021,2021_07,35.0,0.0,2021_07,186.0
2021,2021_07,36.0,0.0,2021_07,184.0
2021,2021_07,37.0,0.0,2021_07,185.0
2021,2021_07,38.0,0.0,2021_07,187.0
2021,2021_07,39.0,0.0,2021_07,188.0
2021,2021_07,40.0,0.0,2021_07,248.0
2021,2021_07,41.0,0.0,2021_07,278.0
2021,2021_07,42.0,0.0,2021_07,279.0
2021,2021_07,43.0,0.0,2021_07,207.0
2021,2021_07,44.0,0.0,2021_07,206.0
2021,2021_07,45.0,0.0,2021_07,205.0
2021,2021_07,46.0,0.0,2021_07,239.0
2021,2021_07,47.0,0.0,2021_07,270.0
2021,2021_07,48.0,0.0,2021_07,238.0
2021,2021_07,50.0,0.0,2021_07,150.0
2021,2021_07,51.0,0.0,2021_07,152.0
2021,2021_07,52.0,0.0,2021_07,153.0
2021,2021_07,53.0,0.0,2021_07,151.0
2021,2021_07,54.0,0.0,2021_07,110.0
2021,2021_07,55.0,0.0,2021_07,112.0
2021,2021_07,56.0,0.0,2021_07,114.0
2021,2021_07,57.0,0.0,2021_07,113.0
2021,2021_07,58.0,0.0,2021_07,
2021,2021_07,59.0,0.0,2021_07,111.0
2021,2021_07,60.0,0.0,2021_07,
2021,2021_07,61.0,0.0,2021_07,256.0
2021,2021_07,62.0,0.0,2021_07,163.0
2021,2021_07,63.0,0.0,2021_07,159.0
2021,2021_07,64.0,0.0,2021_07,158.0
2021,2021_07,65.0,0.0,2021_07,160.0
2021,2021_07,66.0,0.0,2021_07,164.0
2021,2021_07,67.0,0.0,2021_07,162.0
2021,2021_07,68.0,0.0,2021_07,161.0
2021,2021_07,69.0,0.0,2021_07,181.0
2021,2021_07,71.0,0.0,2021_07,117.0
2021,2021_07,72.0,0.0,2021_07,119.0
2021,2021_07,73.0,0.0,2021_07,116.0
2021,2021_07,74.0,0.0,2021_07,118.0
2021,2021_07,75.0,0.0,2021_07,115.0
2021,2021_07,76.0,0.0,2021_07,172.0
2021,2021_07,77.0,0.0,2021_07,176.0
2021,2021_07,78.0,0.0,2021_07,173.0
2021,2021_07,79.0,0.0,2021_07,177.0
2021,2021_07,80.0,0.0,2021_07,174.0
2021,2021_07,81.0,0.0,2021_07,175.0
2021,2021_07,82.0,0.0,2021_07,194.0
2021,2021_07,83.0,0.0,2021_07,196.0
2021,2021_07,84.0,0.0,2021_07,195.0
2021,2021_07,85.0,0.0,2021_07,197.0
2021,2021_07,86.0,0.0,2021_07,253.0
2021,2021_07,87.0,0.0,2021_07,252.0
2021,2021_07,88.0,0.0,2021_07,254.0
2021,2021_07,89.0,0.0,2021_07,277.0
2021,2021_07,90.0,0.0,2021_07,169.0
2021,2021_07,91.0,0.0,2021_07,170.0
2021,2021_07,92.0,0.0,2021_07,276.0
2021,2021_07,93.0,0.0,2021_07,171.0
2021,2021_07,94.0,0.0,2021_07,
2021,2021_07,95.0,0.0,2021_07,273.0
2021,2021_07,96.0,0.0,2021_07,219.0
2021,2021_07,97.0,0.0,2021_07,221.0
2021,2021_07,98.0,0.0,2021_07,220.0
2021,2021_07,99.0,0.0,2021_07,211.0
2021,2021_07,100.0,0.0,2021_07,210.0
2021,2021_07,101.0,0.0,2021_07,217.0
2021,2021_07,102.0,0.0,2021_07,208.0
2021,2021_07,103.0,0.0,2021_07,215.0
2021,2021_07,104.0,0.0,2021_07,214.0
2021,2021_07,105.0,0.0,2021_07,213.0
2021,2021_07,106.0,0.0,2021_07,216.0
2021,2021_07,107.0,0.0,2021_07,212.0
2021,2021_07,108.0,0.0,2021_07,272.0
2021,2021_07,109.0,0.0,2021_07,209.0
2021,2021_07,110.0,0.0,2021_07,178.0
2021,2021_07,111.0,0.0,2021_07,275.0
2021,2021_07,112.0,0.0,2021_07,179.0
2021,2021_07,113.0,0.0,2021_07,255.0
2021,2021_07,114.0,0.0,2021_07,189.0
2021,2021_07,115.0,0.0,2021_07,190.0
2021,2021_07,116.0,0.0,2021_07,192.0
2021,2021_07,117.0,0.0,2021_07,191.0
2021,2021_07,118.0,0.0,2021_07,193.0
2021,2021_07,119.0,0.0,2021_07,104.0
2021,2021_07,120.0,0.0,2021_07,103.0
2021,2021_07,121.0,0.0,2021_07,101.0
2021,2021_07,122.0,0.0,2021_07,102.0
2021,2021_07,123.0,0.0,2021_07,105.0
2021,2021_07,124.0,0.0,2021_07,142.0
2021,2021_07,125.0,0.0,2021_07,146.0
2021,2021_07,126.0,0.0,2021_07,147.0
2021,2021_07,127.0,0.0,2021_07,141.0
2021,2021_07,128.0,0.0,2021_07,145.0
2021,2021_07,129.0,0.0,2021_07,143.0
2021,2021_07,130.0,0.0,2021_07,144.0
2021,2021_07,131.0,0.0,2021_07,281.0
2021,2021_07,132.0,0.0,2021_07,271.0
2021,2021_07,133.0,0.0,2021_07,128.0
2021,2021_07,134.0,0.0,2021_07,129.0
2021,2021_07,135.0,0.0,2021_07,126.0
2021,2021_07,136.0,0.0,2021_07,127.0
2021,2021_07,137.0,0.0,2021_07,134.0
2021,2021_07,138.0,0.0,2021_07,136.0
2021,2021_07,139.0,0.0,2021_07,133.0
2021,2021_07,140.0,0.0,2021_07,135.0
2021,2021_07,141.0,0.0,2021_07,132.0
2021,2021_07,142.0,0.0,2021_07,131.0
2021,2021_07,143.0,0.0,2021_07,130.0
2021,2021_07,144.0,0.0,2021_07,226.0
2021,2021_07,145.0,0.0,2021_07,224.0
2021,2021_07,146.0,0.0,2021_07,225.0
2021,2021_07,147.0,0.0,2021_07,228.0
2021,2021_07,148.0,0.0,2021_07,222.0
2021,2021_07,149.0,0.0,2021_07,223.0
2021,2021_07,150.0,0.0,2021_07,227.0
2021,2021_07,151.0,0.0,2021_07,166.0
2021,2021_07,152.0,0.0,2021_07,167.0
2021,2021_07,153.0,0.0,2021_07,168.0
2021,2021_07,154.0,0.0,2021_07,165.0
2021,2021_07,155.0,0.0,2021_07,137.0
2021,2021_07,156.0,0.0,2021_07,139.0
2021,2021_07,157.0,0.0,2021_07,138.0
2021,2021_07,158.0,0.0,2021_07,140.0
2021,2021_07,159.0,0.0,2021_07,
2021,2021_07,160.0,0.0,2021_07,257.0
2021,2021_07,161.0,0.0,2021_07,256.0
2021,2021_07,162.0,0.0,2021_07,156.0
2021,2021_07,163.0,0.0,2021_07,155.0
2021,2021_07,164.0,0.0,2021_07,157.0
2021,2021_07,165.0,0.0,2021_07,154.0
2021,2021_07,166.0,0.0,2021_07,247.0
2021,2021_07,167.0,0.0,2021_07,246.0
2021,2021_07,168.0,0.0,2021_07,245.0
2021,2021_07,169.0,0.0,2021_07,241.0
2021,2021_07,170.0,0.0,2021_07,268.0
2021,2021_07,173.0,0.0,2021_07,280.0
2021,2021_07,174.0,0.0,2021_07,202.0
2021,2021_07,175.0,0.0,2021_07,279.0
2021,2021_07,176.0,0.0,2021_07,168.0
2021,2021_07,177.0,0.0,2021_07,140.0
2021,2021_07,178.0,0.0,2021_07,231.0
2023,2023_06,2.0,0.0,2023_06,262.0
2023,2023_06,3.0,0.0,2023_06,234.0
2023,2023_06,4.0,1.0,2023_06,261.0
2023,2023_06,10.0,0.0,2023_06,243.0
2023,2023_06,10.0,0.0,2023_06,269.0
2023,2023_06,16.0,0.0,2023_06,260.0
2023,2023_06,16.0,0.0,2023_06,230.0
2023,2023_06,17.0,0.0,2023_06,259.0
2023,2023_06,18.0,0.0,2023_06,233.0
2023,2023_06,19.0,0.0,2023_06,122.0
2023,2023_06,20.0,0.0,2023_06,264.0
2023,2023_06,21.0,0.0,2023_06,266.0
2023,2023_06,22.0,0.0,2023_06,121.0
2023,2023_06,23.0,0.0,2023_06,120.0
2023,2023_06,24.0,1.0,2023_06,265.0
2023,2023_06,25.0,1.0,2023_06,124.0
2023,2023_06,26.0,0.0,2023_06,123.0
2023,2023_06,27.0,0.0,2023_06,249.0
2023,2023_06,28.0,0.0,2023_06,251.0
2023,2023_06,29.0,0.0,2023_06,250.0
2023,2023_06,30.0,0.0,2023_06,199.0
2023,2023_06,31.0,0.0,2023_06,
2023,2023_06,32.0,0.0,2023_06,198.0
2023,2023_06,33.0,0.0,2023_06,200.0
2023,2023_06,35.0,0.0,2023_06,186.0
2023,2023_06,36.0,0.0,2023_06,184.0
2023,2023_06,37.0,0.0,2023_06,185.0
2023,2023_06,38.0,0.0,2023_06,187.0
2023,2023_06,39.0,0.0,2023_06,188.0
2023,2023_06,40.0,0.0,2023_06,248.0
2023,2023_06,41.0,0.0,2023_06,278.0
2023,2023_06,42.0,0.0,2023_06,279.0
2023,2023_06,43.0,0.0,2023_06,207.0
2023,2023_06,44.0,0.0,2023_06,206.0
2023,2023_06,45.0,0.0,2023_06,205.0
2023,2023_06,46.0,0.0,2023_06,239.0
2023,2023_06,47.0,0.0,2023_06,270.0
2023,2023_06,48.0,0.0,2023_06,238.0
2023,2023_06,50.0,0.0,2023_06,150.0
2023,2023_06,51.0,0.0,2023_06,152.0
2023,2023_06,52.0,0.0,2023_06,153.0
2023,2023_06,53.0,0.0,2023_06,151.0
2023,2023_06,54.0,0.0,2023_06,110.0
2023,2023_06,55.0,0.0,2023_06,112.0
2023,2023_06,56.0,0.0,2023_06,114.0
2023,2023_06,57.0,0.0,2023_06,113.0
2023,2023_06,58.0,0.0,2023_06,
2023,2023_06,59.0,0.0,2023_06,111.0
2023,2023_06,60.0,0.0,2023_06,
2023,2023_06,61.0,0.0,2023_06,256.0
2023,2023_06,62.0,0.0,2023_06,163.0
2023,2023_06,63.0,0.0,2023_06,159.0
2023,2023_06,64.0,0.0,2023_06,158.0
2023,2023_06,65.0,0.0,2023_06,160.0
2023,2023_06,66.0,0.0,2023_06,164.0
2023,2023_06,67.0,0.0,2023_06,162.0
2023,2023_06,68.0,0.0,2023_06,161.0
2023,2023_06,69.0,0.0,2023_06,181.0
2023,2023_06,71.0,0.0,2023_06,117.0
2023,2023_06,72.0,0.0,2023_06,119.0
2023,2023_06,73.0,0.0,2023_06,116.0
2023,2023_06,74.0,0.0,2023_06,118.0
2023,2023_06,75.0,0.0,2023_06,115.0
2023,2023_06,76.0,0.0,2023_06,172.0
2023,2023_06,77.0,0.0,2023_06,176.0
2023,2023_06,78.0,0.0,2023_06,173.0
2023,2023_06,79.0,0.0,2023_06,177.0
2023,2023_06,80.0,0.0,2023_06,174.0
2023,2023_06,81.0,0.0,2023_06,175.0
2023,2023_06,82.0,0.0,2023_06,194.0
2023,2023_06,83.0,0.0,2023_06,196.0
2023,2023_06,84.0,0.0,2023_06,195.0
2023,2023_06,85.0,0.0,2023_06,197.0
2023,2023_06,86.0,0.0,2023_06,253.0
2023,2023_06,87.0,0.0,2023_06,252.0
2023,2023_06,88.0,0.0,2023_06,254.0
2023,2023_06,89.0,0.0,2023_06,277.0
2023,2023_06,90.0,0.0,2023_06,169.0
2023,2023_06,91.0,0.0,2023_06,170.0
2023,2023_06,92.0,0.0,2023_06,276.0
2023,2023_06,93.0,0.0,2023_06,171.0
2023,2023_06,94.0,0.0,2023_06,
2023,2023_06,95.0,0.0,2023_06,273.0
2023,2023_06,96.0,0.0,2023_06,219.0
2023,2023_06,97.0,0.0,2023_06,221.0
2023,2023_06,98.0,0.0,2023_06,220.0
2023,2023_06,99.0,0.0,2023_06,211.0
2023,2023_06,100.0,0.0,2023_06,210.0
2023,2023_06,101.0,0.0,2023_06,217.0
2023,2023_06,102.0,0.0,2023_06,208.0
2023,2023_06,103.0,0.0,2023_06,215.0
2023,2023_06,104.0,0.0,2023_06,214.0
2023,2023_06,105.0,0.0,2023_06,213.0
2023,2023_06,106.0,0.0,2023_06,216.0
2023,2023_06,107.0,0.0,2023_06,212.0
2023,2023_06,108.0,0.0,2023_06,272.0
2023,2023_06,109.0,0.0,2023_06,209.0
2023,2023_06,110.0,0.0,2023_06,178.0
2023,2023_06,111.0,0.0,2023_06,275.0
2023,2023_06,112.0,0.0,2023_06,179.0
2023,2023_06,113.0,0.0,2023_06,255.0
2023,2023_06,114.0,0.0,2023_06,189.0
2023,2023_06,115.0,0.0,2023_06,190.0
2023,2023_06,116.0,0.0,2023_06,192.0
2023,2023_06,117.0,0.0,2023_06,191.0
2023,2023_06,118.0,0.0,2023_06,193.0
2023,2023_06,119.0,0.0,2023_06,104.0
2023,2023_06,120.0,0.0,2023_06,103.0
2023,2023_06,121.0,0.0,2023_06,101.0
2023,2023_06,122.0,0.0,2023_06,102.0
2023,2023_06,123.0,0.0,2023_06,105.0
2023,2023_06,124.0,0.0,2023_06,142.0
2023,2023_06,125.0,0.0,2023_06,146.0
2023,2023_06,126.0,0.0,2023_06,147.0
2023,2023_06,127.0,0.0,2023_06,141.0
2023,2023_06,128.0,0.0,2023_06,145.0
2023,2023_06,129.0,1.0,2023_06,143.0
2023,2023_06,130.0,0.0,2023_06,144.0
2023,2023_06,131.0,0.0,2023_06,281.0
2023,2023_06,132.0,0.0,2023_06,271.0
2023,2023_06,133.0,0.0,2023_06,128.0
2023,2023_06,134.0,0.0,2023_06,129.0
2023,2023_06,135.0,0.0,2023_06,126.0
2023,2023_06,136.0,0.0,2023_06,127.0
2023,2023_06,137.0,0.0,2023_06,134.0
2023,2023_06,138.0,0.0,2023_06,136.0
2023,2023_06,139.0,0.0,2023_06,133.0
2023,2023_06,140.0,0.0,2023_06,135.0
2023,2023_06,141.0,0.0,2023_06,132.0
2023,2023_06,142.0,0.0,2023_06,131.0
2023,2023_06,143.0,0.0,2023_06,130.0
2023,2023_06,144.0,0.0,2023_06,226.0
2023,2023_06,145.0,0.0,2023_06,224.0
2023,2023_06,146.0,0.0,2023_06,225.0
2023,2023_06,147.0,0.0,2023_06,228.0
2023,2023_06,148.0,0.0,2023_06,222.0
2023,2023_06,149.0,0.0,2023_06,223.0
2023,2023_06,150.0,0.0,2023_06,227.0
2023,2023_06,151.0,0.0,2023_06,166.0
2023,2023_06,152.0,0.0,2023_06,167.0
2023,2023_06,153.0,0.0,2023_06,168.0
2023,2023_06,154.0,0.0,2023_06,165.0
2023,2023_06,155.0,0.0,2023_06,137.0
2023,2023_06,156.0,0.0,2023_06,139.0
2023,2023_06,157.0,0.0,2023_06,138.0
2023,2023_06,158.0,0.0,2023_06,140.0
2023,2023_06,159.0,0.0,2023_06,
2023,2023_06,160.0,0.0,2023_06,257.0
2023,2023_06,161.0,0.0,2023_06,256.0
2023,2023_06,162.0,0.0,2023_06,156.0
2023,2023_06,163.0,0.0,2023_06,155.0
2023,2023_06,164.0,0.0,2023_06,157.0
2023,2023_06,165.0,0.0,2023_06,154.0
2023,2023_06,166.0,0.0,2023_06,247.0
2023,2023_06,167.0,0.0,2023_06,246.0
2023,2023_06,168.0,0.0,2023_06,245.0
2023,2023_06,169.0,0.0,2023_06,241.0
2023,2023_06,170.0,0.0,2023_06,268.0
2023,2023_06,173.0,0.0,2023_06,280.0
2023,2023_06,174.0,0.0,2023_06,202.0
2023,2023_06,175.0,0.0,2023_06,279.0
2023,2023_06,176.0,0.0,2023_06,168.0
2023,2023_06,177.0,0.0,2023_06,140.0
2023,2023_06,178.0,0.0,2023_06,231.0
2023,2023_06,188.0,0.0,2023_06,269.0
2022,2022_05,2.0,0.0,2022_05,262.0
2022,2022_05,3.0,0.0,2022_05,234.0
2022,2022_05,4.0,0.0,2022_05,261.0
2022,2022_05,10.0,0.0,2022_05,243.0
2022,2022_05,10.0,0.0,2022_05,269.0
2022,2022_05,16.0,0.0,2022_05,260.0
2022,2022_05,16.0,0.0,2022_05,230.0
2022,2022_05,17.0,0.0,2022_05,259.0
2022,2022_05,18.0,0.0,2022_05,233.0
2022,2022_05,19.0,0.0,2022_05,122.0
2022,2022_05,20.0,0.0,2022_05,264.0
2022,2022_05,21.0,0.0,2022_05,266.0
2022,2022_05,22.0,0.0,2022_05,121.0
2022,2022_05,23.0,0.0,2022_05,120.0
2022,2022_05,24.0,0.0,2022_05,265.0
2022,2022_05,25.0,0.0,2022_05,124.0
2022,2022_05,26.0,0.0,2022_05,123.0
2022,2022_05,27.0,0.0,2022_05,249.0
2022,2022_05,28.0,0.0,2022_05,251.0
2022,2022_05,29.0,0.0,2022_05,250.0
2022,2022_05,30.0,0.0,2022_05,199.0
2022,2022_05,31.0,0.0,2022_05,
2022,2022_05,32.0,0.0,2022_05,198.0
2022,2022_05,33.0,0.0,2022_05,200.0
2022,2022_05,35.0,10.0,2022_05,186.0
2022,2022_05,36.0,670.0,2022_05,184.0
2022,2022_05,37.0,1000.0,2022_05,185.0
2022,2022_05,38.0,0.0,2022_05,187.0
2022,2022_05,39.0,500.0,2022_05,188.0
2022,2022_05,40.0,0.0,2022_05,248.0
2022,2022_05,41.0,0.0,2022_05,278.0
2022,2022_05,42.0,0.0,2022_05,279.0
2022,2022_05,43.0,0.0,2022_05,207.0
2022,2022_05,44.0,0.0,2022_05,206.0
2022,2022_05,45.0,0.0,2022_05,205.0
2022,2022_05,46.0,0.0,2022_05,239.0
2022,2022_05,47.0,0.0,2022_05,270.0
2022,2022_05,48.0,0.0,2022_05,238.0
2022,2022_05,50.0,0.0,2022_05,150.0
2022,2022_05,51.0,0.0,2022_05,152.0
2022,2022_05,52.0,0.0,2022_05,153.0
2022,2022_05,53.0,0.0,2022_05,151.0
2022,2022_05,54.0,0.0,2022_05,110.0
2022,2022_05,55.0,0.0,2022_05,112.0
2022,2022_05,56.0,0.0,2022_05,114.0
2022,2022_05,57.0,0.0,2022_05,113.0
2022,2022_05,58.0,0.0,2022_05,
2022,2022_05,59.0,0.0,2022_05,111.0
2022,2022_05,60.0,0.0,2022_05,
2022,2022_05,61.0,0.0,2022_05,256.0
2022,2022_05,62.0,0.0,2022_05,163.0
2022,2022_05,63.0,0.0,2022_05,159.0
2022,2022_05,64.0,0.0,2022_05,158.0
2022,2022_05,65.0,0.0,2022_05,160.0
2022,2022_05,66.0,0.0,2022_05,164.0
2022,2022_05,67.0,0.0,2022_05,162.0
2022,2022_05,68.0,0.0,2022_05,161.0
2022,2022_05,69.0,1241.0,2022_05,181.0
2022,2022_05,71.0,0.0,2022_05,117.0
2022,2022_05,72.0,0.0,2022_05,119.0
2022,2022_05,73.0,0.0,2022_05,116.0
2022,2022_05,74.0,0.0,2022_05,118.0
2022,2022_05,75.0,0.0,2022_05,115.0
2022,2022_05,76.0,0.0,2022_05,172.0
2022,2022_05,77.0,0.0,2022_05,176.0
2022,2022_05,78.0,0.0,2022_05,173.0
2022,2022_05,79.0,0.0,2022_05,177.0
2022,2022_05,80.0,0.0,2022_05,174.0
2022,2022_05,81.0,0.0,2022_05,175.0
2022,2022_05,82.0,0.0,2022_05,194.0
2022,2022_05,83.0,0.0,2022_05,196.0
2022,2022_05,84.0,0.0,2022_05,195.0
2022,2022_05,85.0,0.0,2022_05,197.0
2022,2022_05,86.0,0.0,2022_05,253.0
2022,2022_05,87.0,0.0,2022_05,252.0
2022,2022_05,88.0,8.0,2022_05,254.0
2022,2022_05,89.0,0.0,2022_05,277.0
2022,2022_05,90.0,0.0,2022_05,169.0
2022,2022_05,91.0,0.0,2022_05,170.0
2022,2022_05,92.0,0.0,2022_05,276.0
2022,2022_05,93.0,0.0,2022_05,171.0
2022,2022_05,94.0,0.0,2022_05,
2022,2022_05,95.0,0.0,2022_05,273.0
2022,2022_05,96.0,0.0,2022_05,219.0
2022,2022_05,97.0,0.0,2022_05,221.0
2022,2022_05,98.0,0.0,2022_05,220.0
2022,2022_05,99.0,0.0,2022_05,211.0
2022,2022_05,100.0,0.0,2022_05,210.0
2022,2022_05,101.0,0.0,2022_05,217.0
2022,2022_05,102.0,0.0,2022_05,208.0
2022,2022_05,103.0,0.0,2022_05,215.0
2022,2022_05,104.0,0.0,2022_05,214.0
2022,2022_05,105.0,0.0,2022_05,213.0
2022,2022_05,106.0,0.0,2022_05,216.0
2022,2022_05,107.0,0.0,2022_05,212.0
2022,2022_05,108.0,0.0,2022_05,272.0
2022,2022_05,109.0,0.0,2022_05,209.0
2022,2022_05,110.0,0.0,2022_05,178.0
2022,2022_05,111.0,0.0,2022_05,275.0
2022,2022_05,112.0,0.0,2022_05,179.0
2022,2022_05,113.0,0.0,2022_05,255.0
2022,2022_05,114.0,0.0,2022_05,189.0
2022,2022_05,115.0,0.0,2022_05,190.0
2022,2022_05,116.0,0.0,2022_05,192.0
2022,2022_05,117.0,0.0,2022_05,191.0
2022,2022_05,118.0,0.0,2022_05,193.0
2022,2022_05,119.0,0.0,2022_05,104.0
2022,2022_05,120.0,0.0,2022_05,103.0
2022,2022_05,121.0,0.0,2022_05,101.0
2022,2022_05,122.0,0.0,2022_05,102.0
2022,2022_05,123.0,0.0,2022_05,105.0
2022,2022_05,124.0,0.0,2022_05,142.0
2022,2022_05,125.0,0.0,2022_05,146.0
2022,2022_05,126.0,0.0,2022_05,147.0
2022,2022_05,127.0,0.0,2022_05,141.0
2022,2022_05,128.0,0.0,2022_05,145.0
2022,2022_05,129.0,0.0,2022_05,143.0
2022,2022_05,130.0,0.0,2022_05,144.0
2022,2022_05,131.0,0.0,2022_05,281.0
2022,2022_05,132.0,0.0,2022_05,271.0
2022,2022_05,133.0,0.0,2022_05,128.0
2022,2022_05,134.0,0.0,2022_05,129.0
2022,2022_05,135.0,0.0,2022_05,126.0
2022,2022_05,136.0,0.0,2022_05,127.0
2022,2022_05,137.0,0.0,2022_05,134.0
2022,2022_05,138.0,0.0,2022_05,136.0
2022,2022_05,139.0,0.0,2022_05,133.0
2022,2022_05,140.0,17.0,2022_05,135.0
2022,2022_05,141.0,0.0,2022_05,132.0
2022,2022_05,142.0,0.0,2022_05,131.0
2022,2022_05,143.0,0.0,2022_05,130.0
2022,2022_05,144.0,0.0,2022_05,226.0
2022,2022_05,145.0,0.0,2022_05,224.0
2022,2022_05,146.0,0.0,2022_05,225.0
2022,2022_05,147.0,0.0,2022_05,228.0
2022,2022_05,148.0,0.0,2022_05,222.0
2022,2022_05,149.0,0.0,2022_05,223.0
2022,2022_05,150.0,0.0,2022_05,227.0
2022,2022_05,151.0,0.0,2022_05,166.0
2022,2022_05,152.0,0.0,2022_05,167.0
2022,2022_05,153.0,0.0,2022_05,168.0
2022,2022_05,154.0,0.0,2022_05,165.0
2022,2022_05,155.0,0.0,2022_05,137.0
2022,2022_05,156.0,0.0,2022_05,139.0
2022,2022_05,157.0,0.0,2022_05,138.0
2022,2022_05,158.0,0.0,2022_05,140.0
2022,2022_05,159.0,0.0,2022_05,
2022,2022_05,160.0,0.0,2022_05,257.0
2022,2022_05,161.0,0.0,2022_05,256.0
2022,2022_05,162.0,0.0,2022_05,156.0
2022,2022_05,163.0,0.0,2022_05,155.0
2022,2022_05,164.0,0.0,2022_05,157.0
2022,2022_05,165.0,0.0,2022_05,154.0
2022,2022_05,166.0,0.0,2022_05,247.0
2022,2022_05,167.0,0.0,2022_05,246.0
2022,2022_05,168.0,0.0,2022_05,245.0
2022,2022_05,169.0,0.0,2022_05,241.0
2022,2022_05,170.0,0.0,2022_05,268.0
2022,2022_05,173.0,0.0,2022_05,280.0
2022,2022_05,174.0,0.0,2022_05,202.0
2022,2022_05,175.0,0.0,2022_05,279.0
2022,2022_05,176.0,0.0,2022_05,168.0
2022,2022_05,177.0,0.0,2022_05,140.0
2022,2022_05,178.0,0.0,2022_05,231.0
2021,2021_09,2.0,0.0,2021_09,262.0
2021,2021_09,3.0,0.0,2021_09,234.0
2021,2021_09,4.0,0.0,2021_09,261.0
2021,2021_09,10.0,0.0,2021_09,243.0
2021,2021_09,10.0,0.0,2021_09,269.0
2021,2021_09,16.0,0.0,2021_09,260.0
2021,2021_09,16.0,0.0,2021_09,230.0
2021,2021_09,17.0,0.0,2021_09,259.0
2021,2021_09,18.0,0.0,2021_09,233.0
2021,2021_09,19.0,0.0,2021_09,122.0
2021,2021_09,20.0,0.0,2021_09,264.0
2021,2021_09,21.0,0.0,2021_09,266.0
2021,2021_09,22.0,0.0,2021_09,121.0
2021,2021_09,23.0,0.0,2021_09,120.0
2021,2021_09,24.0,0.0,2021_09,265.0
2021,2021_09,25.0,0.0,2021_09,124.0
2021,2021_09,26.0,0.0,2021_09,123.0
2021,2021_09,27.0,0.0,2021_09,249.0
2021,2021_09,28.0,0.0,2021_09,251.0
2021,2021_09,29.0,0.0,2021_09,250.0
2021,2021_09,30.0,0.0,2021_09,199.0
2021,2021_09,31.0,0.0,2021_09,
2021,2021_09,32.0,0.0,2021_09,198.0
2021,2021_09,33.0,0.0,2021_09,200.0
2021,2021_09,35.0,0.0,2021_09,186.0
2021,2021_09,36.0,0.0,2021_09,184.0
2021,2021_09,37.0,0.0,2021_09,185.0
2021,2021_09,38.0,0.0,2021_09,187.0
2021,2021_09,39.0,0.0,2021_09,188.0
2021,2021_09,40.0,0.0,2021_09,248.0
2021,2021_09,41.0,0.0,2021_09,278.0
2021,2021_09,42.0,0.0,2021_09,279.0
2021,2021_09,43.0,0.0,2021_09,207.0
2021,2021_09,44.0,0.0,2021_09,206.0
2021,2021_09,45.0,0.0,2021_09,205.0
2021,2021_09,46.0,0.0,2021_09,239.0
2021,2021_09,47.0,0.0,2021_09,270.0
2021,2021_09,48.0,0.0,2021_09,238.0
2021,2021_09,50.0,0.0,2021_09,150.0
2021,2021_09,51.0,0.0,2021_09,152.0
2021,2021_09,52.0,0.0,2021_09,153.0
2021,2021_09,53.0,0.0,2021_09,151.0
2021,2021_09,54.0,0.0,2021_09,110.0
2021,2021_09,55.0,0.0,2021_09,112.0
2021,2021_09,56.0,0.0,2021_09,114.0
2021,2021_09,57.0,0.0,2021_09,113.0
2021,2021_09,58.0,0.0,2021_09,
2021,2021_09,59.0,0.0,2021_09,111.0
2021,2021_09,60.0,0.0,2021_09,
2021,2021_09,61.0,0.0,2021_09,256.0
2021,2021_09,62.0,0.0,2021_09,163.0
2021,2021_09,63.0,0.0,2021_09,159.0
2021,2021_09,64.0,0.0,2021_09,158.0
2021,2021_09,65.0,0.0,2021_09,160.0
2021,2021_09,66.0,0.0,2021_09,164.0
2021,2021_09,67.0,0.0,2021_09,162.0
2021,2021_09,68.0,0.0,2021_09,161.0
2021,2021_09,69.0,0.0,2021_09,181.0
2021,2021_09,71.0,0.0,2021_09,117.0
2021,2021_09,72.0,0.0,2021_09,119.0
2021,2021_09,73.0,0.0,2021_09,116.0
2021,2021_09,74.0,0.0,2021_09,118.0
2021,2021_09,75.0,0.0,2021_09,115.0
2021,2021_09,76.0,0.0,2021_09,172.0
2021,2021_09,77.0,0.0,2021_09,176.0
2021,2021_09,78.0,0.0,2021_09,173.0
2021,2021_09,79.0,0.0,2021_09,177.0
2021,2021_09,80.0,0.0,2021_09,174.0
2021,2021_09,81.0,0.0,2021_09,175.0
2021,2021_09,82.0,0.0,2021_09,194.0
2021,2021_09,83.0,0.0,2021_09,196.0
2021,2021_09,84.0,0.0,2021_09,195.0
2021,2021_09,85.0,0.0,2021_09,197.0
2021,2021_09,86.0,0.0,2021_09,253.0
2021,2021_09,87.0,0.0,2021_09,252.0
2021,2021_09,88.0,0.0,2021_09,254.0
2021,2021_09,89.0,0.0,2021_09,277.0
2021,2021_09,90.0,0.0,2021_09,169.0
2021,2021_09,91.0,0.0,2021_09,170.0
2021,2021_09,92.0,0.0,2021_09,276.0
2021,2021_09,93.0,0.0,2021_09,171.0
2021,2021_09,94.0,0.0,2021_09,
2021,2021_09,95.0,0.0,2021_09,273.0
2021,2021_09,96.0,0.0,2021_09,219.0
2021,2021_09,97.0,0.0,2021_09,221.0
2021,2021_09,98.0,0.0,2021_09,220.0
2021,2021_09,99.0,0.0,2021_09,211.0
2021,2021_09,100.0,0.0,2021_09,210.0
2021,2021_09,101.0,0.0,2021_09,217.0
2021,2021_09,102.0,0.0,2021_09,208.0
2021,2021_09,103.0,0.0,2021_09,215.0
2021,2021_09,104.0,0.0,2021_09,214.0
2021,2021_09,105.0,0.0,2021_09,213.0
2021,2021_09,106.0,0.0,2021_09,216.0
2021,2021_09,107.0,0.0,2021_09,212.0
2021,2021_09,108.0,0.0,2021_09,272.0
2021,2021_09,109.0,0.0,2021_09,209.0
2021,2021_09,110.0,0.0,2021_09,178.0
2021,2021_09,111.0,0.0,2021_09,275.0
2021,2021_09,112.0,0.0,2021_09,179.0
2021,2021_09,113.0,0.0,2021_09,255.0
2021,2021_09,114.0,0.0,2021_09,189.0
2021,2021_09,115.0,0.0,2021_09,190.0
2021,2021_09,116.0,0.0,2021_09,192.0
2021,2021_09,117.0,0.0,2021_09,191.0
2021,2021_09,118.0,0.0,2021_09,193.0
2021,2021_09,119.0,0.0,2021_09,104.0
2021,2021_09,120.0,0.0,2021_09,103.0
2021,2021_09,121.0,0.0,2021_09,101.0
2021,2021_09,122.0,0.0,2021_09,102.0
2021,2021_09,123.0,0.0,2021_09,105.0
2021,2021_09,124.0,0.0,2021_09,142.0
2021,2021_09,125.0,0.0,2021_09,146.0
2021,2021_09,126.0,0.0,2021_09,147.0
2021,2021_09,127.0,0.0,2021_09,141.0
2021,2021_09,128.0,0.0,2021_09,145.0
2021,2021_09,129.0,0.0,2021_09,143.0
2021,2021_09,130.0,0.0,2021_09,144.0
2021,2021_09,131.0,0.0,2021_09,281.0
2021,2021_09,132.0,0.0,2021_09,271.0
2021,2021_09,133.0,0.0,2021_09,128.0
2021,2021_09,134.0,0.0,2021_09,129.0
2021,2021_09,135.0,0.0,2021_09,126.0
2021,2021_09,136.0,0.0,2021_09,127.0
2021,2021_09,137.0,0.0,2021_09,134.0
2021,2021_09,138.0,0.0,2021_09,136.0
2021,2021_09,139.0,0.0,2021_09,133.0
2021,2021_09,140.0,0.0,2021_09,135.0
2021,2021_09,141.0,0.0,2021_09,132.0
2021,2021_09,142.0,0.0,2021_09,131.0
2021,2021_09,143.0,0.0,2021_09,130.0
2021,2021_09,144.0,0.0,2021_09,226.0
2021,2021_09,145.0,0.0,2021_09,224.0
2021,2021_09,146.0,0.0,2021_09,225.0
2021,2021_09,147.0,0.0,2021_09,228.0
2021,2021_09,148.0,0.0,2021_09,222.0
2021,2021_09,149.0,0.0,2021_09,223.0
2021,2021_09,150.0,0.0,2021_09,227.0
2021,2021_09,151.0,0.0,2021_09,166.0
2021,2021_09,152.0,0.0,2021_09,167.0
2021,2021_09,153.0,0.0,2021_09,168.0
2021,2021_09,154.0,0.0,2021_09,165.0
2021,2021_09,155.0,0.0,2021_09,137.0
2021,2021_09,156.0,0.0,2021_09,139.0
2021,2021_09,157.0,0.0,2021_09,138.0
2021,2021_09,158.0,0.0,2021_09,140.0
2021,2021_09,159.0,0.0,2021_09,
2021,2021_09,160.0,0.0,2021_09,257.0
2021,2021_09,161.0,0.0,2021_09,256.0
2021,2021_09,162.0,0.0,2021_09,156.0
2021,2021_09,163.0,0.0,2021_09,155.0
2021,2021_09,164.0,0.0,2021_09,157.0
2021,2021_09,165.0,0.0,2021_09,154.0
2021,2021_09,166.0,0.0,2021_09,247.0
2021,2021_09,167.0,0.0,2021_09,246.0
2021,2021_09,168.0,0.0,2021_09,245.0
2021,2021_09,169.0,0.0,2021_09,241.0
2021,2021_09,170.0,0.0,2021_09,268.0
2021,2021_09,173.0,0.0,2021_09,280.0
2021,2021_09,174.0,0.0,2021_09,202.0
2021,2021_09,175.0,0.0,2021_09,279.0
2021,2021_09,176.0,0.0,2021_09,168.0
2021,2021_09,177.0,0.0,2021_09,140.0
2021,2021_09,178.0,0.0,2021_09,231.0
2021,2021_05,2.0,0.0,2021_05,262.0
2021,2021_05,3.0,0.0,2021_05,234.0
2021,2021_05,4.0,0.0,2021_05,261.0
2021,2021_05,10.0,0.0,2021_05,243.0
2021,2021_05,10.0,0.0,2021_05,269.0
2021,2021_05,16.0,0.0,2021_05,260.0
2021,2021_05,16.0,0.0,2021_05,230.0
2021,2021_05,17.0,0.0,2021_05,259.0
2021,2021_05,18.0,0.0,2021_05,233.0
2021,2021_05,19.0,0.0,2021_05,122.0
2021,2021_05,20.0,0.0,2021_05,264.0
2021,2021_05,21.0,0.0,2021_05,266.0
2021,2021_05,22.0,0.0,2021_05,121.0
2021,2021_05,23.0,0.0,2021_05,120.0
2021,2021_05,24.0,0.0,2021_05,265.0
2021,2021_05,25.0,0.0,2021_05,124.0
2021,2021_05,26.0,0.0,2021_05,123.0
2021,2021_05,27.0,0.0,2021_05,249.0
2021,2021_05,28.0,0.0,2021_05,251.0
2021,2021_05,29.0,0.0,2021_05,250.0
2021,2021_05,30.0,0.0,2021_05,199.0
2021,2021_05,31.0,0.0,2021_05,
2021,2021_05,32.0,0.0,2021_05,198.0
2021,2021_05,33.0,0.0,2021_05,200.0
2021,2021_05,35.0,0.0,2021_05,186.0
2021,2021_05,36.0,0.0,2021_05,184.0
2021,2021_05,37.0,0.0,2021_05,185.0
2021,2021_05,38.0,0.0,2021_05,187.0
2021,2021_05,39.0,0.0,2021_05,188.0
2021,2021_05,40.0,0.0,2021_05,248.0
2021,2021_05,41.0,0.0,2021_05,278.0
2021,2021_05,42.0,0.0,2021_05,279.0
2021,2021_05,43.0,0.0,2021_05,207.0
2021,2021_05,44.0,0.0,2021_05,206.0
2021,2021_05,45.0,0.0,2021_05,205.0
2021,2021_05,46.0,0.0,2021_05,239.0
2021,2021_05,47.0,0.0,2021_05,270.0
2021,2021_05,48.0,0.0,2021_05,238.0
2021,2021_05,50.0,0.0,2021_05,150.0
2021,2021_05,51.0,0.0,2021_05,152.0
2021,2021_05,52.0,0.0,2021_05,153.0
2021,2021_05,53.0,0.0,2021_05,151.0
2021,2021_05,54.0,0.0,2021_05,110.0
2021,2021_05,55.0,0.0,2021_05,112.0
2021,2021_05,56.0,0.0,2021_05,114.0
2021,2021_05,57.0,0.0,2021_05,113.0
2021,2021_05,58.0,0.0,2021_05,
2021,2021_05,59.0,0.0,2021_05,111.0
2021,2021_05,60.0,0.0,2021_05,
2021,2021_05,61.0,0.0,2021_05,256.0
2021,2021_05,62.0,0.0,2021_05,163.0
2021,2021_05,63.0,0.0,2021_05,159.0
2021,2021_05,64.0,0.0,2021_05,158.0
2021,2021_05,65.0,0.0,2021_05,160.0
2021,2021_05,66.0,0.0,2021_05,164.0
2021,2021_05,67.0,0.0,2021_05,162.0
2021,2021_05,68.0,0.0,2021_05,161.0
2021,2021_05,69.0,0.0,2021_05,181.0
2021,2021_05,71.0,0.0,2021_05,117.0
2021,2021_05,72.0,0.0,2021_05,119.0
2021,2021_05,73.0,0.0,2021_05,116.0
2021,2021_05,74.0,0.0,2021_05,118.0
2021,2021_05,75.0,0.0,2021_05,115.0
2021,2021_05,76.0,0.0,2021_05,172.0
2021,2021_05,77.0,0.0,2021_05,176.0
2021,2021_05,78.0,0.0,2021_05,173.0
2021,2021_05,79.0,0.0,2021_05,177.0
2021,2021_05,80.0,0.0,2021_05,174.0
2021,2021_05,81.0,0.0,2021_05,175.0
2021,2021_05,82.0,0.0,2021_05,194.0
2021,2021_05,83.0,0.0,2021_05,196.0
2021,2021_05,84.0,0.0,2021_05,195.0
2021,2021_05,85.0,0.0,2021_05,197.0
2021,2021_05,86.0,0.0,2021_05,253.0
2021,2021_05,87.0,0.0,2021_05,252.0
2021,2021_05,88.0,0.0,2021_05,254.0
2021,2021_05,89.0,0.0,2021_05,277.0
2021,2021_05,90.0,0.0,2021_05,169.0
2021,2021_05,91.0,0.0,2021_05,170.0
2021,2021_05,92.0,0.0,2021_05,276.0
2021,2021_05,93.0,0.0,2021_05,171.0
2021,2021_05,94.0,0.0,2021_05,
2021,2021_05,95.0,0.0,2021_05,273.0
2021,2021_05,96.0,0.0,2021_05,219.0
2021,2021_05,97.0,0.0,2021_05,221.0
2021,2021_05,98.0,0.0,2021_05,220.0
2021,2021_05,99.0,0.0,2021_05,211.0
2021,2021_05,100.0,0.0,2021_05,210.0
2021,2021_05,101.0,0.0,2021_05,217.0
2021,2021_05,102.0,0.0,2021_05,208.0
2021,2021_05,103.0,0.0,2021_05,215.0
2021,2021_05,104.0,0.0,2021_05,214.0
2021,2021_05,105.0,0.0,2021_05,213.0
2021,2021_05,106.0,0.0,2021_05,216.0
2021,2021_05,107.0,0.0,2021_05,212.0
2021,2021_05,108.0,0.0,2021_05,272.0
2021,2021_05,109.0,0.0,2021_05,209.0
2021,2021_05,110.0,0.0,2021_05,178.0
2021,2021_05,111.0,0.0,2021_05,275.0
2021,2021_05,112.0,0.0,2021_05,179.0
2021,2021_05,113.0,0.0,2021_05,255.0
2021,2021_05,114.0,0.0,2021_05,189.0
2021,2021_05,115.0,0.0,2021_05,190.0
2021,2021_05,116.0,0.0,2021_05,192.0
2021,2021_05,117.0,0.0,2021_05,191.0
2021,2021_05,118.0,0.0,2021_05,193.0
2021,2021_05,119.0,0.0,2021_05,104.0
2021,2021_05,120.0,0.0,2021_05,103.0
2021,2021_05,121.0,0.0,2021_05,101.0
2021,2021_05,122.0,0.0,2021_05,102.0
2021,2021_05,123.0,0.0,2021_05,105.0
2021,2021_05,124.0,0.0,2021_05,142.0
2021,2021_05,125.0,0.0,2021_05,146.0
2021,2021_05,126.0,0.0,2021_05,147.0
2021,2021_05,127.0,0.0,2021_05,141.0
2021,2021_05,128.0,0.0,2021_05,145.0
2021,2021_05,129.0,0.0,2021_05,143.0
2021,2021_05,130.0,0.0,2021_05,144.0
2021,2021_05,131.0,0.0,2021_05,281.0
2021,2021_05,132.0,0.0,2021_05,271.0
2021,2021_05,133.0,0.0,2021_05,128.0
2021,2021_05,134.0,0.0,2021_05,129.0
2021,2021_05,135.0,0.0,2021_05,126.0
2021,2021_05,136.0,0.0,2021_05,127.0
2021,2021_05,137.0,0.0,2021_05,134.0
2021,2021_05,138.0,0.0,2021_05,136.0
2021,2021_05,139.0,0.0,2021_05,133.0
2021,2021_05,140.0,0.0,2021_05,135.0
2021,2021_05,141.0,0.0,2021_05,132.0
2021,2021_05,142.0,0.0,2021_05,131.0
2021,2021_05,143.0,0.0,2021_05,130.0
2021,2021_05,144.0,0.0,2021_05,226.0
2021,2021_05,145.0,0.0,2021_05,224.0
2021,2021_05,146.0,0.0,2021_05,225.0
2021,2021_05,147.0,0.0,2021_05,228.0
2021,2021_05,148.0,0.0,2021_05,222.0
2021,2021_05,149.0,0.0,2021_05,223.0
2021,2021_05,150.0,0.0,2021_05,227.0
2021,2021_05,151.0,0.0,2021_05,166.0
2021,2021_05,152.0,0.0,2021_05,167.0
2021,2021_05,153.0,0.0,2021_05,168.0
2021,2021_05,154.0,0.0,2021_05,165.0
2021,2021_05,155.0,0.0,2021_05,137.0
2021,2021_05,156.0,0.0,2021_05,139.0
2021,2021_05,157.0,0.0,2021_05,138.0
2021,2021_05,158.0,0.0,2021_05,140.0
2021,2021_05,159.0,0.0,2021_05,
2021,2021_05,160.0,0.0,2021_05,257.0
2021,2021_05,161.0,0.0,2021_05,256.0
2021,2021_05,162.0,0.0,2021_05,156.0
2021,2021_05,163.0,0.0,2021_05,155.0
2021,2021_05,164.0,0.0,2021_05,157.0
2021,2021_05,165.0,0.0,2021_05,154.0
2021,2021_05,166.0,0.0,2021_05,247.0
2021,2021_05,167.0,0.0,2021_05,246.0
2021,2021_05,168.0,0.0,2021_05,245.0
2021,2021_05,169.0,0.0,2021_05,241.0
2021,2021_05,170.0,0.0,2021_05,268.0
2021,2021_05,173.0,0.0,2021_05,280.0
2021,2021_05,174.0,0.0,2021_05,202.0
2021,2021_05,175.0,0.0,2021_05,279.0
2021,2021_05,176.0,0.0,2021_05,168.0
2021,2021_05,177.0,0.0,2021_05,140.0
2021,2021_05,178.0,0.0,2021_05,231.0
2022,2022_10,2.0,0.0,2022_10,262.0
2022,2022_10,3.0,0.0,2022_10,234.0
2022,2022_10,4.0,0.0,2022_10,261.0
2022,2022_10,10.0,0.0,2022_10,243.0
2022,2022_10,10.0,0.0,2022_10,269.0
2022,2022_10,16.0,0.0,2022_10,260.0
2022,2022_10,16.0,0.0,2022_10,230.0
2022,2022_10,17.0,0.0,2022_10,259.0
2022,2022_10,18.0,0.0,2022_10,233.0
2022,2022_10,19.0,0.0,2022_10,122.0
2022,2022_10,20.0,0.0,2022_10,264.0
2022,2022_10,21.0,0.0,2022_10,266.0
2022,2022_10,22.0,0.0,2022_10,121.0
2022,2022_10,23.0,0.0,2022_10,120.0
2022,2022_10,24.0,0.0,2022_10,265.0
2022,2022_10,25.0,0.0,2022_10,124.0
2022,2022_10,26.0,0.0,2022_10,123.0
2022,2022_10,27.0,0.0,2022_10,249.0
2022,2022_10,28.0,0.0,2022_10,251.0
2022,2022_10,29.0,0.0,2022_10,250.0
2022,2022_10,30.0,0.0,2022_10,199.0
2022,2022_10,31.0,0.0,2022_10,
2022,2022_10,32.0,0.0,2022_10,198.0
2022,2022_10,33.0,0.0,2022_10,200.0
2022,2022_10,35.0,0.0,2022_10,186.0
2022,2022_10,36.0,0.0,2022_10,184.0
2022,2022_10,37.0,0.0,2022_10,185.0
2022,2022_10,38.0,0.0,2022_10,187.0
2022,2022_10,39.0,0.0,2022_10,188.0
2022,2022_10,40.0,0.0,2022_10,248.0
2022,2022_10,41.0,0.0,2022_10,278.0
2022,2022_10,42.0,0.0,2022_10,279.0
2022,2022_10,43.0,0.0,2022_10,207.0
2022,2022_10,44.0,0.0,2022_10,206.0
2022,2022_10,45.0,0.0,2022_10,205.0
2022,2022_10,46.0,0.0,2022_10,239.0
2022,2022_10,47.0,0.0,2022_10,270.0
2022,2022_10,48.0,0.0,2022_10,238.0
2022,2022_10,50.0,0.0,2022_10,150.0
2022,2022_10,51.0,0.0,2022_10,152.0
2022,2022_10,52.0,0.0,2022_10,153.0
2022,2022_10,53.0,0.0,2022_10,151.0
2022,2022_10,54.0,0.0,2022_10,110.0
2022,2022_10,55.0,0.0,2022_10,112.0
2022,2022_10,56.0,0.0,2022_10,114.0
2022,2022_10,57.0,0.0,2022_10,113.0
2022,2022_10,58.0,0.0,2022_10,
2022,2022_10,59.0,0.0,2022_10,111.0
2022,2022_10,60.0,0.0,2022_10,
2022,2022_10,61.0,0.0,2022_10,256.0
2022,2022_10,62.0,0.0,2022_10,163.0
2022,2022_10,63.0,0.0,2022_10,159.0
2022,2022_10,64.0,0.0,2022_10,158.0
2022,2022_10,65.0,0.0,2022_10,160.0
2022,2022_10,66.0,0.0,2022_10,164.0
2022,2022_10,67.0,0.0,2022_10,162.0
2022,2022_10,68.0,0.0,2022_10,161.0
2022,2022_10,69.0,0.0,2022_10,181.0
2022,2022_10,71.0,0.0,2022_10,117.0
2022,2022_10,72.0,0.0,2022_10,119.0
2022,2022_10,73.0,0.0,2022_10,116.0
2022,2022_10,74.0,0.0,2022_10,118.0
2022,2022_10,75.0,0.0,2022_10,115.0
2022,2022_10,76.0,0.0,2022_10,172.0
2022,2022_10,77.0,0.0,2022_10,176.0
2022,2022_10,78.0,0.0,2022_10,173.0
2022,2022_10,79.0,0.0,2022_10,177.0
2022,2022_10,80.0,0.0,2022_10,174.0
2022,2022_10,81.0,0.0,2022_10,175.0
2022,2022_10,82.0,0.0,2022_10,194.0
2022,2022_10,83.0,0.0,2022_10,196.0
2022,2022_10,84.0,0.0,2022_10,195.0
2022,2022_10,85.0,0.0,2022_10,197.0
2022,2022_10,86.0,0.0,2022_10,253.0
2022,2022_10,87.0,0.0,2022_10,252.0
2022,2022_10,88.0,0.0,2022_10,254.0
2022,2022_10,89.0,0.0,2022_10,277.0
2022,2022_10,90.0,0.0,2022_10,169.0
2022,2022_10,91.0,0.0,2022_10,170.0
2022,2022_10,92.0,0.0,2022_10,276.0
2022,2022_10,93.0,0.0,2022_10,171.0
2022,2022_10,94.0,0.0,2022_10,
2022,2022_10,95.0,0.0,2022_10,273.0
2022,2022_10,96.0,0.0,2022_10,219.0
2022,2022_10,97.0,0.0,2022_10,221.0
2022,2022_10,98.0,0.0,2022_10,220.0
2022,2022_10,99.0,0.0,2022_10,211.0
2022,2022_10,100.0,0.0,2022_10,210.0
2022,2022_10,101.0,0.0,2022_10,217.0
2022,2022_10,102.0,0.0,2022_10,208.0
2022,2022_10,103.0,0.0,2022_10,215.0
2022,2022_10,104.0,0.0,2022_10,214.0
2022,2022_10,105.0,0.0,2022_10,213.0
2022,2022_10,106.0,0.0,2022_10,216.0
2022,2022_10,107.0,0.0,2022_10,212.0
2022,2022_10,108.0,0.0,2022_10,272.0
2022,2022_10,109.0,0.0,2022_10,209.0
2022,2022_10,110.0,0.0,2022_10,178.0
2022,2022_10,111.0,0.0,2022_10,275.0
2022,2022_10,112.0,0.0,2022_10,179.0
2022,2022_10,113.0,0.0,2022_10,255.0
2022,2022_10,114.0,0.0,2022_10,189.0
2022,2022_10,115.0,0.0,2022_10,190.0
2022,2022_10,116.0,0.0,2022_10,192.0
2022,2022_10,117.0,0.0,2022_10,191.0
2022,2022_10,118.0,0.0,2022_10,193.0
2022,2022_10,119.0,0.0,2022_10,104.0
2022,2022_10,120.0,0.0,2022_10,103.0
2022,2022_10,121.0,0.0,2022_10,101.0
2022,2022_10,122.0,0.0,2022_10,102.0
2022,2022_10,123.0,0.0,2022_10,105.0
2022,2022_10,124.0,0.0,2022_10,142.0
2022,2022_10,125.0,0.0,2022_10,146.0
2022,2022_10,126.0,0.0,2022_10,147.0
2022,2022_10,127.0,0.0,2022_10,141.0
2022,2022_10,128.0,0.0,2022_10,145.0
2022,2022_10,129.0,0.0,2022_10,143.0
2022,2022_10,130.0,0.0,2022_10,144.0
2022,2022_10,131.0,0.0,2022_10,281.0
2022,2022_10,132.0,0.0,2022_10,271.0
2022,2022_10,133.0,0.0,2022_10,128.0
2022,2022_10,134.0,0.0,2022_10,129.0
2022,2022_10,135.0,0.0,2022_10,126.0
2022,2022_10,136.0,0.0,2022_10,127.0
2022,2022_10,137.0,0.0,2022_10,134.0
2022,2022_10,138.0,0.0,2022_10,136.0
2022,2022_10,139.0,0.0,2022_10,133.0
2022,2022_10,140.0,0.0,2022_10,135.0
2022,2022_10,141.0,0.0,2022_10,132.0
2022,2022_10,142.0,0.0,2022_10,131.0
2022,2022_10,143.0,0.0,2022_10,130.0
2022,2022_10,144.0,0.0,2022_10,226.0
2022,2022_10,145.0,0.0,2022_10,224.0
2022,2022_10,146.0,0.0,2022_10,225.0
2022,2022_10,147.0,0.0,2022_10,228.0
2022,2022_10,148.0,0.0,2022_10,222.0
2022,2022_10,149.0,0.0,2022_10,223.0
2022,2022_10,150.0,0.0,2022_10,227.0
2022,2022_10,151.0,0.0,2022_10,166.0
2022,2022_10,152.0,0.0,2022_10,167.0
2022,2022_10,153.0,0.0,2022_10,168.0
2022,2022_10,154.0,0.0,2022_10,165.0
2022,2022_10,155.0,0.0,2022_10,137.0
2022,2022_10,156.0,0.0,2022_10,139.0
2022,2022_10,157.0,0.0,2022_10,138.0
2022,2022_10,158.0,0.0,2022_10,140.0
2022,2022_10,159.0,0.0,2022_10,
2022,2022_10,160.0,0.0,2022_10,257.0
2022,2022_10,161.0,0.0,2022_10,256.0
2022,2022_10,162.0,0.0,2022_10,156.0
2022,2022_10,163.0,0.0,2022_10,155.0
2022,2022_10,164.0,0.0,2022_10,157.0
2022,2022_10,165.0,0.0,2022_10,154.0
2022,2022_10,166.0,0.0,2022_10,247.0
2022,2022_10,167.0,0.0,2022_10,246.0
2022,2022_10,168.0,0.0,2022_10,245.0
2022,2022_10,169.0,0.0,2022_10,241.0
2022,2022_10,170.0,0.0,2022_10,268.0
2022,2022_10,173.0,0.0,2022_10,280.0
2022,2022_10,174.0,0.0,2022_10,202.0
2022,2022_10,175.0,0.0,2022_10,279.0
2022,2022_10,176.0,0.0,2022_10,168.0
2022,2022_10,177.0,0.0,2022_10,140.0
2022,2022_10,178.0,0.0,2022_10,231.0
2022,2022_09,2.0,0.0,2022_09,262.0
2022,2022_09,3.0,0.0,2022_09,234.0
2022,2022_09,4.0,0.0,2022_09,261.0
2022,2022_09,10.0,0.0,2022_09,243.0
2022,2022_09,10.0,0.0,2022_09,269.0
2022,2022_09,16.0,0.0,2022_09,260.0
2022,2022_09,16.0,0.0,2022_09,230.0
2022,2022_09,17.0,0.0,2022_09,259.0
2022,2022_09,18.0,0.0,2022_09,233.0
2022,2022_09,19.0,0.0,2022_09,122.0
2022,2022_09,20.0,0.0,2022_09,264.0
2022,2022_09,21.0,0.0,2022_09,266.0
2022,2022_09,22.0,0.0,2022_09,121.0
2022,2022_09,23.0,0.0,2022_09,120.0
2022,2022_09,24.0,0.0,2022_09,265.0
2022,2022_09,25.0,0.0,2022_09,124.0
2022,2022_09,26.0,0.0,2022_09,123.0
2022,2022_09,27.0,0.0,2022_09,249.0
2022,2022_09,28.0,0.0,2022_09,251.0
2022,2022_09,29.0,0.0,2022_09,250.0
2022,2022_09,30.0,0.0,2022_09,199.0
2022,2022_09,31.0,0.0,2022_09,
2022,2022_09,32.0,0.0,2022_09,198.0
2022,2022_09,33.0,0.0,2022_09,200.0
2022,2022_09,35.0,0.0,2022_09,186.0
2022,2022_09,36.0,0.0,2022_09,184.0
2022,2022_09,37.0,0.0,2022_09,185.0
2022,2022_09,38.0,0.0,2022_09,187.0
2022,2022_09,39.0,0.0,2022_09,188.0
2022,2022_09,40.0,0.0,2022_09,248.0
2022,2022_09,41.0,0.0,2022_09,278.0
2022,2022_09,42.0,0.0,2022_09,279.0
2022,2022_09,43.0,0.0,2022_09,207.0
2022,2022_09,44.0,0.0,2022_09,206.0
2022,2022_09,45.0,0.0,2022_09,205.0
2022,2022_09,46.0,0.0,2022_09,239.0
2022,2022_09,47.0,0.0,2022_09,270.0
2022,2022_09,48.0,0.0,2022_09,238.0
2022,2022_09,50.0,0.0,2022_09,150.0
2022,2022_09,51.0,0.0,2022_09,152.0
2022,2022_09,52.0,0.0,2022_09,153.0
2022,2022_09,53.0,0.0,2022_09,151.0
2022,2022_09,54.0,0.0,2022_09,110.0
2022,2022_09,55.0,0.0,2022_09,112.0
2022,2022_09,56.0,0.0,2022_09,114.0
2022,2022_09,57.0,0.0,2022_09,113.0
2022,2022_09,58.0,0.0,2022_09,
2022,2022_09,59.0,0.0,2022_09,111.0
2022,2022_09,60.0,0.0,2022_09,
2022,2022_09,61.0,0.0,2022_09,256.0
2022,2022_09,62.0,0.0,2022_09,163.0
2022,2022_09,63.0,0.0,2022_09,159.0
2022,2022_09,64.0,0.0,2022_09,158.0
2022,2022_09,65.0,0.0,2022_09,160.0
2022,2022_09,66.0,0.0,2022_09,164.0
2022,2022_09,67.0,0.0,2022_09,162.0
2022,2022_09,68.0,0.0,2022_09,161.0
2022,2022_09,69.0,0.0,2022_09,181.0
2022,2022_09,71.0,0.0,2022_09,117.0
2022,2022_09,72.0,0.0,2022_09,119.0
2022,2022_09,73.0,0.0,2022_09,116.0
2022,2022_09,74.0,0.0,2022_09,118.0
2022,2022_09,75.0,0.0,2022_09,115.0
2022,2022_09,76.0,0.0,2022_09,172.0
2022,2022_09,77.0,0.0,2022_09,176.0
2022,2022_09,78.0,0.0,2022_09,173.0
2022,2022_09,79.0,0.0,2022_09,177.0
2022,2022_09,80.0,0.0,2022_09,174.0
2022,2022_09,81.0,0.0,2022_09,175.0
2022,2022_09,82.0,0.0,2022_09,194.0
2022,2022_09,83.0,0.0,2022_09,196.0
2022,2022_09,84.0,0.0,2022_09,195.0
2022,2022_09,85.0,0.0,2022_09,197.0
2022,2022_09,86.0,0.0,2022_09,253.0
2022,2022_09,87.0,0.0,2022_09,252.0
2022,2022_09,88.0,0.0,2022_09,254.0
2022,2022_09,89.0,0.0,2022_09,277.0
2022,2022_09,90.0,0.0,2022_09,169.0
2022,2022_09,91.0,0.0,2022_09,170.0
2022,2022_09,92.0,0.0,2022_09,276.0
2022,2022_09,93.0,0.0,2022_09,171.0
2022,2022_09,94.0,0.0,2022_09,
2022,2022_09,95.0,0.0,2022_09,273.0
2022,2022_09,96.0,0.0,2022_09,219.0
2022,2022_09,97.0,0.0,2022_09,221.0
2022,2022_09,98.0,0.0,2022_09,220.0
2022,2022_09,99.0,0.0,2022_09,211.0
2022,2022_09,100.0,0.0,2022_09,210.0
2022,2022_09,101.0,0.0,2022_09,217.0
2022,2022_09,102.0,0.0,2022_09,208.0
2022,2022_09,103.0,0.0,2022_09,215.0
2022,2022_09,104.0,0.0,2022_09,214.0
2022,2022_09,105.0,0.0,2022_09,213.0
2022,2022_09,106.0,0.0,2022_09,216.0
2022,2022_09,107.0,0.0,2022_09,212.0
2022,2022_09,108.0,0.0,2022_09,272.0
2022,2022_09,109.0,0.0,2022_09,209.0
2022,2022_09,110.0,0.0,2022_09,178.0
2022,2022_09,111.0,0.0,2022_09,275.0
2022,2022_09,112.0,0.0,2022_09,179.0
2022,2022_09,113.0,0.0,2022_09,255.0
2022,2022_09,114.0,0.0,2022_09,189.0
2022,2022_09,115.0,0.0,2022_09,190.0
2022,2022_09,116.0,0.0,2022_09,192.0
2022,2022_09,117.0,0.0,2022_09,191.0
2022,2022_09,118.0,0.0,2022_09,193.0
2022,2022_09,119.0,0.0,2022_09,104.0
2022,2022_09,120.0,0.0,2022_09,103.0
2022,2022_09,121.0,0.0,2022_09,101.0
2022,2022_09,122.0,0.0,2022_09,102.0
2022,2022_09,123.0,0.0,2022_09,105.0
2022,2022_09,124.0,0.0,2022_09,142.0
2022,2022_09,125.0,0.0,2022_09,146.0
2022,2022_09,126.0,0.0,2022_09,147.0
2022,2022_09,127.0,0.0,2022_09,141.0
2022,2022_09,128.0,0.0,2022_09,145.0
2022,2022_09,129.0,0.0,2022_09,143.0
2022,2022_09,130.0,0.0,2022_09,144.0
2022,2022_09,131.0,0.0,2022_09,281.0
2022,2022_09,132.0,0.0,2022_09,271.0
2022,2022_09,133.0,0.0,2022_09,128.0
2022,2022_09,134.0,0.0,2022_09,129.0
2022,2022_09,135.0,0.0,2022_09,126.0
2022,2022_09,136.0,0.0,2022_09,127.0
2022,2022_09,137.0,0.0,2022_09,134.0
2022,2022_09,138.0,0.0,2022_09,136.0
2022,2022_09,139.0,0.0,2022_09,133.0
2022,2022_09,140.0,0.0,2022_09,135.0
2022,2022_09,141.0,0.0,2022_09,132.0
2022,2022_09,142.0,0.0,2022_09,131.0
2022,2022_09,143.0,0.0,2022_09,130.0
2022,2022_09,144.0,0.0,2022_09,226.0
2022,2022_09,145.0,0.0,2022_09,224.0
2022,2022_09,146.0,0.0,2022_09,225.0
2022,2022_09,147.0,0.0,2022_09,228.0
2022,2022_09,148.0,0.0,2022_09,222.0
2022,2022_09,149.0,0.0,2022_09,223.0
2022,2022_09,150.0,0.0,2022_09,227.0
2022,2022_09,151.0,0.0,2022_09,166.0
2022,2022_09,152.0,0.0,2022_09,167.0
2022,2022_09,153.0,0.0,2022_09,168.0
2022,2022_09,154.0,0.0,2022_09,165.0
2022,2022_09,155.0,0.0,2022_09,137.0
2022,2022_09,156.0,0.0,2022_09,139.0
2022,2022_09,157.0,0.0,2022_09,138.0
2022,2022_09,158.0,0.0,2022_09,140.0
2022,2022_09,159.0,0.0,2022_09,
2022,2022_09,160.0,0.0,2022_09,257.0
2022,2022_09,161.0,0.0,2022_09,256.0
2022,2022_09,162.0,0.0,2022_09,156.0
2022,2022_09,163.0,0.0,2022_09,155.0
2022,2022_09,164.0,0.0,2022_09,157.0
2022,2022_09,165.0,0.0,2022_09,154.0
2022,2022_09,166.0,0.0,2022_09,247.0
2022,2022_09,167.0,0.0,2022_09,246.0
2022,2022_09,168.0,0.0,2022_09,245.0
2022,2022_09,169.0,0.0,2022_09,241.0
2022,2022_09,170.0,0.0,2022_09,268.0
2022,2022_09,173.0,0.0,2022_09,280.0
2022,2022_09,174.0,0.0,2022_09,202.0
2022,2022_09,175.0,0.0,2022_09,279.0
2022,2022_09,176.0,0.0,2022_09,168.0
2022,2022_09,177.0,0.0,2022_09,140.0
2022,2022_09,178.0,0.0,2022_09,231.0
2023,2023_07,2.0,0.0,2023_07,262.0
2023,2023_07,3.0,0.0,2023_07,234.0
2023,2023_07,4.0,0.0,2023_07,261.0
2023,2023_07,10.0,0.0,2023_07,243.0
2023,2023_07,10.0,0.0,2023_07,269.0
2023,2023_07,16.0,0.0,2023_07,260.0
2023,2023_07,16.0,0.0,2023_07,230.0
2023,2023_07,17.0,0.0,2023_07,259.0
2023,2023_07,18.0,0.0,2023_07,233.0
2023,2023_07,19.0,0.0,2023_07,122.0
2023,2023_07,20.0,0.0,2023_07,264.0
2023,2023_07,21.0,0.0,2023_07,266.0
2023,2023_07,22.0,0.0,2023_07,121.0
2023,2023_07,23.0,0.0,2023_07,120.0
2023,2023_07,24.0,0.0,2023_07,265.0
2023,2023_07,25.0,0.0,2023_07,124.0
2023,2023_07,26.0,0.0,2023_07,123.0
2023,2023_07,27.0,0.0,2023_07,249.0
2023,2023_07,28.0,0.0,2023_07,251.0
2023,2023_07,29.0,0.0,2023_07,250.0
2023,2023_07,30.0,0.0,2023_07,199.0
2023,2023_07,31.0,0.0,2023_07,
2023,2023_07,32.0,0.0,2023_07,198.0
2023,2023_07,33.0,0.0,2023_07,200.0
2023,2023_07,35.0,0.0,2023_07,186.0
2023,2023_07,36.0,0.0,2023_07,184.0
2023,2023_07,37.0,0.0,2023_07,185.0
2023,2023_07,38.0,0.0,2023_07,187.0
2023,2023_07,39.0,0.0,2023_07,188.0
2023,2023_07,40.0,0.0,2023_07,248.0
2023,2023_07,41.0,0.0,2023_07,278.0
2023,2023_07,42.0,0.0,2023_07,279.0
2023,2023_07,43.0,0.0,2023_07,207.0
2023,2023_07,44.0,0.0,2023_07,206.0
2023,2023_07,45.0,0.0,2023_07,205.0
2023,2023_07,46.0,0.0,2023_07,239.0
2023,2023_07,47.0,0.0,2023_07,270.0
2023,2023_07,48.0,0.0,2023_07,238.0
2023,2023_07,50.0,0.0,2023_07,150.0
2023,2023_07,51.0,0.0,2023_07,152.0
2023,2023_07,52.0,0.0,2023_07,153.0
2023,2023_07,53.0,0.0,2023_07,151.0
2023,2023_07,54.0,0.0,2023_07,110.0
2023,2023_07,55.0,0.0,2023_07,112.0
2023,2023_07,56.0,0.0,2023_07,114.0
2023,2023_07,57.0,0.0,2023_07,113.0
2023,2023_07,58.0,0.0,2023_07,
2023,2023_07,59.0,0.0,2023_07,111.0
2023,2023_07,60.0,0.0,2023_07,
2023,2023_07,61.0,0.0,2023_07,256.0
2023,2023_07,62.0,0.0,2023_07,163.0
2023,2023_07,63.0,0.0,2023_07,159.0
2023,2023_07,64.0,0.0,2023_07,158.0
2023,2023_07,65.0,0.0,2023_07,160.0
2023,2023_07,66.0,0.0,2023_07,164.0
2023,2023_07,67.0,0.0,2023_07,162.0
2023,2023_07,68.0,0.0,2023_07,161.0
2023,2023_07,69.0,0.0,2023_07,181.0
2023,2023_07,71.0,0.0,2023_07,117.0
2023,2023_07,72.0,0.0,2023_07,119.0
2023,2023_07,73.0,0.0,2023_07,116.0
2023,2023_07,74.0,0.0,2023_07,118.0
2023,2023_07,75.0,0.0,2023_07,115.0
2023,2023_07,76.0,0.0,2023_07,172.0
2023,2023_07,77.0,0.0,2023_07,176.0
2023,2023_07,78.0,0.0,2023_07,173.0
2023,2023_07,79.0,0.0,2023_07,177.0
2023,2023_07,80.0,0.0,2023_07,174.0
2023,2023_07,81.0,0.0,2023_07,175.0
2023,2023_07,82.0,0.0,2023_07,194.0
2023,2023_07,83.0,0.0,2023_07,196.0
2023,2023_07,84.0,0.0,2023_07,195.0
2023,2023_07,85.0,0.0,2023_07,197.0
2023,2023_07,86.0,0.0,2023_07,253.0
2023,2023_07,87.0,0.0,2023_07,252.0
2023,2023_07,88.0,0.0,2023_07,254.0
2023,2023_07,89.0,0.0,2023_07,277.0
2023,2023_07,90.0,0.0,2023_07,169.0
2023,2023_07,91.0,0.0,2023_07,170.0
2023,2023_07,92.0,0.0,2023_07,276.0
2023,2023_07,93.0,0.0,2023_07,171.0
2023,2023_07,94.0,0.0,2023_07,
2023,2023_07,95.0,0.0,2023_07,273.0
2023,2023_07,96.0,0.0,2023_07,219.0
2023,2023_07,97.0,0.0,2023_07,221.0
2023,2023_07,98.0,0.0,2023_07,220.0
2023,2023_07,99.0,0.0,2023_07,211.0
2023,2023_07,100.0,0.0,2023_07,210.0
2023,2023_07,101.0,0.0,2023_07,217.0
2023,2023_07,102.0,0.0,2023_07,208.0
2023,2023_07,103.0,0.0,2023_07,215.0
2023,2023_07,104.0,0.0,2023_07,214.0
2023,2023_07,105.0,0.0,2023_07,213.0
2023,2023_07,106.0,0.0,2023_07,216.0
2023,2023_07,107.0,0.0,2023_07,212.0
2023,2023_07,108.0,0.0,2023_07,272.0
2023,2023_07,109.0,0.0,2023_07,209.0
2023,2023_07,110.0,0.0,2023_07,178.0
2023,2023_07,111.0,0.0,2023_07,275.0
2023,2023_07,112.0,0.0,2023_07,179.0
2023,2023_07,113.0,0.0,2023_07,255.0
2023,2023_07,114.0,0.0,2023_07,189.0
2023,2023_07,115.0,0.0,2023_07,190.0
2023,2023_07,116.0,0.0,2023_07,192.0
2023,2023_07,117.0,0.0,2023_07,191.0
2023,2023_07,118.0,0.0,2023_07,193.0
2023,2023_07,119.0,0.0,2023_07,104.0
2023,2023_07,120.0,0.0,2023_07,103.0
2023,2023_07,121.0,0.0,2023_07,101.0
2023,2023_07,122.0,0.0,2023_07,102.0
2023,2023_07,123.0,0.0,2023_07,105.0
2023,2023_07,124.0,0.0,2023_07,142.0
2023,2023_07,125.0,0.0,2023_07,146.0
2023,2023_07,126.0,0.0,2023_07,147.0
2023,2023_07,127.0,0.0,2023_07,141.0
2023,2023_07,128.0,0.0,2023_07,145.0
2023,2023_07,129.0,0.0,2023_07,143.0
2023,2023_07,130.0,0.0,2023_07,144.0
2023,2023_07,131.0,0.0,2023_07,281.0
2023,2023_07,132.0,0.0,2023_07,271.0
2023,2023_07,133.0,0.0,2023_07,128.0
2023,2023_07,134.0,0.0,2023_07,129.0
2023,2023_07,135.0,0.0,2023_07,126.0
2023,2023_07,136.0,0.0,2023_07,127.0
2023,2023_07,137.0,0.0,2023_07,134.0
2023,2023_07,138.0,0.0,2023_07,136.0
2023,2023_07,139.0,0.0,2023_07,133.0
2023,2023_07,140.0,0.0,2023_07,135.0
2023,2023_07,141.0,0.0,2023_07,132.0
2023,2023_07,142.0,0.0,2023_07,131.0
2023,2023_07,143.0,0.0,2023_07,130.0
2023,2023_07,144.0,0.0,2023_07,226.0
2023,2023_07,145.0,0.0,2023_07,224.0
2023,2023_07,146.0,0.0,2023_07,225.0
2023,2023_07,147.0,0.0,2023_07,228.0
2023,2023_07,148.0,0.0,2023_07,222.0
2023,2023_07,149.0,0.0,2023_07,223.0
2023,2023_07,150.0,0.0,2023_07,227.0
2023,2023_07,151.0,0.0,2023_07,166.0
2023,2023_07,152.0,0.0,2023_07,167.0
2023,2023_07,153.0,0.0,2023_07,168.0
2023,2023_07,154.0,0.0,2023_07,165.0
2023,2023_07,155.0,0.0,2023_07,137.0
2023,2023_07,156.0,0.0,2023_07,139.0
2023,2023_07,157.0,0.0,2023_07,138.0
2023,2023_07,158.0,0.0,2023_07,140.0
2023,2023_07,159.0,0.0,2023_07,
2023,2023_07,160.0,0.0,2023_07,257.0
2023,2023_07,161.0,0.0,2023_07,256.0
2023,2023_07,162.0,0.0,2023_07,156.0
2023,2023_07,163.0,0.0,2023_07,155.0
2023,2023_07,164.0,0.0,2023_07,157.0
2023,2023_07,165.0,0.0,2023_07,154.0
2023,2023_07,166.0,0.0,2023_07,247.0
2023,2023_07,167.0,0.0,2023_07,246.0
2023,2023_07,168.0,0.0,2023_07,245.0
2023,2023_07,169.0,0.0,2023_07,241.0
2023,2023_07,170.0,0.0,2023_07,268.0
2023,2023_07,173.0,0.0,2023_07,280.0
2023,2023_07,174.0,0.0,2023_07,202.0
2023,2023_07,175.0,0.0,2023_07,279.0
2023,2023_07,176.0,0.0,2023_07,168.0
2023,2023_07,177.0,0.0,2023_07,140.0
2023,2023_07,178.0,0.0,2023_07,231.0
2023,2023_07,188.0,0.0,2023_07,269.0
2022,2022_08,2.0,0.0,2022_08,262.0
2022,2022_08,3.0,0.0,2022_08,234.0
2022,2022_08,4.0,0.0,2022_08,261.0
2022,2022_08,10.0,0.0,2022_08,243.0
2022,2022_08,10.0,0.0,2022_08,269.0
2022,2022_08,16.0,0.0,2022_08,260.0
2022,2022_08,16.0,0.0,2022_08,230.0
2022,2022_08,17.0,0.0,2022_08,259.0
2022,2022_08,18.0,0.0,2022_08,233.0
2022,2022_08,19.0,0.0,2022_08,122.0
2022,2022_08,20.0,0.0,2022_08,264.0
2022,2022_08,21.0,0.0,2022_08,266.0
2022,2022_08,22.0,0.0,2022_08,121.0
2022,2022_08,23.0,0.0,2022_08,120.0
2022,2022_08,24.0,0.0,2022_08,265.0
2022,2022_08,25.0,0.0,2022_08,124.0
2022,2022_08,26.0,0.0,2022_08,123.0
2022,2022_08,27.0,0.0,2022_08,249.0
2022,2022_08,28.0,0.0,2022_08,251.0
2022,2022_08,29.0,0.0,2022_08,250.0
2022,2022_08,30.0,0.0,2022_08,199.0
2022,2022_08,31.0,0.0,2022_08,
2022,2022_08,32.0,0.0,2022_08,198.0
2022,2022_08,33.0,0.0,2022_08,200.0
2022,2022_08,35.0,0.0,2022_08,186.0
2022,2022_08,36.0,0.0,2022_08,184.0
2022,2022_08,37.0,0.0,2022_08,185.0
2022,2022_08,38.0,0.0,2022_08,187.0
2022,2022_08,39.0,0.0,2022_08,188.0
2022,2022_08,40.0,0.0,2022_08,248.0
2022,2022_08,41.0,0.0,2022_08,278.0
2022,2022_08,42.0,0.0,2022_08,279.0
2022,2022_08,43.0,0.0,2022_08,207.0
2022,2022_08,44.0,0.0,2022_08,206.0
2022,2022_08,45.0,0.0,2022_08,205.0
2022,2022_08,46.0,0.0,2022_08,239.0
2022,2022_08,47.0,0.0,2022_08,270.0
2022,2022_08,48.0,0.0,2022_08,238.0
2022,2022_08,50.0,1.0,2022_08,150.0
2022,2022_08,51.0,0.0,2022_08,152.0
2022,2022_08,52.0,0.0,2022_08,153.0
2022,2022_08,53.0,0.0,2022_08,151.0
2022,2022_08,54.0,0.0,2022_08,110.0
2022,2022_08,55.0,0.0,2022_08,112.0
2022,2022_08,56.0,0.0,2022_08,114.0
2022,2022_08,57.0,0.0,2022_08,113.0
2022,2022_08,58.0,0.0,2022_08,
2022,2022_08,59.0,0.0,2022_08,111.0
2022,2022_08,60.0,0.0,2022_08,
2022,2022_08,61.0,0.0,2022_08,256.0
2022,2022_08,62.0,0.0,2022_08,163.0
2022,2022_08,63.0,0.0,2022_08,159.0
2022,2022_08,64.0,0.0,2022_08,158.0
2022,2022_08,65.0,0.0,2022_08,160.0
2022,2022_08,66.0,0.0,2022_08,164.0
2022,2022_08,67.0,0.0,2022_08,162.0
2022,2022_08,68.0,0.0,2022_08,161.0
2022,2022_08,69.0,0.0,2022_08,181.0
2022,2022_08,71.0,0.0,2022_08,117.0
2022,2022_08,72.0,0.0,2022_08,119.0
2022,2022_08,73.0,0.0,2022_08,116.0
2022,2022_08,74.0,0.0,2022_08,118.0
2022,2022_08,75.0,0.0,2022_08,115.0
2022,2022_08,76.0,0.0,2022_08,172.0
2022,2022_08,77.0,0.0,2022_08,176.0
2022,2022_08,78.0,0.0,2022_08,173.0
2022,2022_08,79.0,0.0,2022_08,177.0
2022,2022_08,80.0,0.0,2022_08,174.0
2022,2022_08,81.0,0.0,2022_08,175.0
2022,2022_08,82.0,0.0,2022_08,194.0
2022,2022_08,83.0,0.0,2022_08,196.0
2022,2022_08,84.0,0.0,2022_08,195.0
2022,2022_08,85.0,0.0,2022_08,197.0
2022,2022_08,86.0,0.0,2022_08,253.0
2022,2022_08,87.0,0.0,2022_08,252.0
2022,2022_08,88.0,0.0,2022_08,254.0
2022,2022_08,89.0,0.0,2022_08,277.0
2022,2022_08,90.0,0.0,2022_08,169.0
2022,2022_08,91.0,0.0,2022_08,170.0
2022,2022_08,92.0,0.0,2022_08,276.0
2022,2022_08,93.0,0.0,2022_08,171.0
2022,2022_08,94.0,0.0,2022_08,
2022,2022_08,95.0,0.0,2022_08,273.0
2022,2022_08,96.0,0.0,2022_08,219.0
2022,2022_08,97.0,0.0,2022_08,221.0
2022,2022_08,98.0,0.0,2022_08,220.0
2022,2022_08,99.0,0.0,2022_08,211.0
2022,2022_08,100.0,0.0,2022_08,210.0
2022,2022_08,101.0,0.0,2022_08,217.0
2022,2022_08,102.0,0.0,2022_08,208.0
2022,2022_08,103.0,0.0,2022_08,215.0
2022,2022_08,104.0,0.0,2022_08,214.0
2022,2022_08,105.0,0.0,2022_08,213.0
2022,2022_08,106.0,0.0,2022_08,216.0
2022,2022_08,107.0,0.0,2022_08,212.0
2022,2022_08,108.0,0.0,2022_08,272.0
2022,2022_08,109.0,0.0,2022_08,209.0
2022,2022_08,110.0,0.0,2022_08,178.0
2022,2022_08,111.0,0.0,2022_08,275.0
2022,2022_08,112.0,0.0,2022_08,179.0
2022,2022_08,113.0,0.0,2022_08,255.0
2022,2022_08,114.0,0.0,2022_08,189.0
2022,2022_08,115.0,0.0,2022_08,190.0
2022,2022_08,116.0,0.0,2022_08,192.0
2022,2022_08,117.0,0.0,2022_08,191.0
2022,2022_08,118.0,0.0,2022_08,193.0
2022,2022_08,119.0,0.0,2022_08,104.0
2022,2022_08,120.0,0.0,2022_08,103.0
2022,2022_08,121.0,0.0,2022_08,101.0
2022,2022_08,122.0,0.0,2022_08,102.0
2022,2022_08,123.0,0.0,2022_08,105.0
2022,2022_08,124.0,0.0,2022_08,142.0
2022,2022_08,125.0,0.0,2022_08,146.0
2022,2022_08,126.0,0.0,2022_08,147.0
2022,2022_08,127.0,0.0,2022_08,141.0
2022,2022_08,128.0,0.0,2022_08,145.0
2022,2022_08,129.0,0.0,2022_08,143.0
2022,2022_08,130.0,0.0,2022_08,144.0
2022,2022_08,131.0,0.0,2022_08,281.0
2022,2022_08,132.0,0.0,2022_08,271.0
2022,2022_08,133.0,0.0,2022_08,128.0
2022,2022_08,134.0,0.0,2022_08,129.0
2022,2022_08,135.0,0.0,2022_08,126.0
2022,2022_08,136.0,0.0,2022_08,127.0
2022,2022_08,137.0,0.0,2022_08,134.0
2022,2022_08,138.0,0.0,2022_08,136.0
2022,2022_08,139.0,0.0,2022_08,133.0
2022,2022_08,140.0,0.0,2022_08,135.0
2022,2022_08,141.0,0.0,2022_08,132.0
2022,2022_08,142.0,0.0,2022_08,131.0
2022,2022_08,143.0,0.0,2022_08,130.0
2022,2022_08,144.0,0.0,2022_08,226.0
2022,2022_08,145.0,0.0,2022_08,224.0
2022,2022_08,146.0,0.0,2022_08,225.0
2022,2022_08,147.0,0.0,2022_08,228.0
2022,2022_08,148.0,0.0,2022_08,222.0
2022,2022_08,149.0,0.0,2022_08,223.0
2022,2022_08,150.0,0.0,2022_08,227.0
2022,2022_08,151.0,0.0,2022_08,166.0
2022,2022_08,152.0,0.0,2022_08,167.0
2022,2022_08,153.0,0.0,2022_08,168.0
2022,2022_08,154.0,0.0,2022_08,165.0
2022,2022_08,155.0,0.0,2022_08,137.0
2022,2022_08,156.0,0.0,2022_08,139.0
2022,2022_08,157.0,0.0,2022_08,138.0
2022,2022_08,158.0,0.0,2022_08,140.0
2022,2022_08,159.0,0.0,2022_08,
2022,2022_08,160.0,0.0,2022_08,257.0
2022,2022_08,161.0,0.0,2022_08,256.0
2022,2022_08,162.0,0.0,2022_08,156.0
2022,2022_08,163.0,0.0,2022_08,155.0
2022,2022_08,164.0,0.0,2022_08,157.0
2022,2022_08,165.0,0.0,2022_08,154.0
2022,2022_08,166.0,0.0,2022_08,247.0
2022,2022_08,167.0,0.0,2022_08,246.0
2022,2022_08,168.0,0.0,2022_08,245.0
2022,2022_08,169.0,0.0,2022_08,241.0
2022,2022_08,170.0,0.0,2022_08,268.0
2022,2022_08,173.0,0.0,2022_08,280.0
2022,2022_08,174.0,0.0,2022_08,202.0
2022,2022_08,175.0,0.0,2022_08,279.0
2022,2022_08,176.0,0.0,2022_08,168.0
2022,2022_08,177.0,0.0,2022_08,140.0
2022,2022_08,178.0,0.0,2022_08,231.0
