year,month,RC_Id,Rescue_Operation_Helicopter_Person_Evacuated,year_month,object_id,timeperiod
2021,5,2.0,0.0,2021_05,262,2021_05
2021,5,3.0,0.0,2021_05,234,2021_05
2021,5,4.0,0.0,2021_05,261,2021_05
2021,5,10.0,0.0,2021_05,243,2021_05
2021,5,10.0,0.0,2021_05,269,2021_05
2021,5,16.0,0.0,2021_05,260,2021_05
2021,5,16.0,0.0,2021_05,230,2021_05
2021,5,17.0,0.0,2021_05,259,2021_05
2021,5,18.0,0.0,2021_05,233,2021_05
2021,5,19.0,0.0,2021_05,122,2021_05
2021,5,20.0,0.0,2021_05,264,2021_05
2021,5,21.0,0.0,2021_05,266,2021_05
2021,5,22.0,0.0,2021_05,121,2021_05
2021,5,23.0,0.0,2021_05,120,2021_05
2021,5,24.0,0.0,2021_05,265,2021_05
2021,5,25.0,0.0,2021_05,124,2021_05
2021,5,26.0,0.0,2021_05,123,2021_05
2021,5,27.0,0.0,2021_05,249,2021_05
2021,5,28.0,0.0,2021_05,251,2021_05
2021,5,29.0,0.0,2021_05,250,2021_05
2021,5,30.0,0.0,2021_05,199,2021_05
2021,5,31.0,0.0,2021_05,201,2021_05
2021,5,32.0,0.0,2021_05,198,2021_05
2021,5,33.0,0.0,2021_05,200,2021_05
2021,5,35.0,0.0,2021_05,186,2021_05
2021,5,36.0,0.0,2021_05,184,2021_05
2021,5,37.0,0.0,2021_05,185,2021_05
2021,5,38.0,0.0,2021_05,187,2021_05
2021,5,39.0,0.0,2021_05,188,2021_05
2021,5,40.0,0.0,2021_05,248,2021_05
2021,5,41.0,0.0,2021_05,278,2021_05
2021,5,42.0,0.0,2021_05,279,2021_05
2021,5,43.0,0.0,2021_05,207,2021_05
2021,5,44.0,0.0,2021_05,206,2021_05
2021,5,45.0,0.0,2021_05,205,2021_05
2021,5,46.0,0.0,2021_05,239,2021_05
2021,5,47.0,0.0,2021_05,270,2021_05
2021,5,48.0,0.0,2021_05,238,2021_05
2021,5,50.0,0.0,2021_05,150,2021_05
2021,5,51.0,0.0,2021_05,152,2021_05
2021,5,52.0,0.0,2021_05,153,2021_05
2021,5,53.0,0.0,2021_05,151,2021_05
2021,5,54.0,0.0,2021_05,110,2021_05
2021,5,55.0,0.0,2021_05,112,2021_05
2021,5,56.0,0.0,2021_05,114,2021_05
2021,5,57.0,0.0,2021_05,113,2021_05
2021,5,58.0,0.0,2021_05,109,2021_05
2021,5,59.0,0.0,2021_05,111,2021_05
2021,5,60.0,0.0,2021_05,112,2021_05
2021,5,61.0,0.0,2021_05,256,2021_05
2021,5,62.0,0.0,2021_05,163,2021_05
2021,5,63.0,0.0,2021_05,159,2021_05
2021,5,64.0,0.0,2021_05,158,2021_05
2021,5,65.0,0.0,2021_05,160,2021_05
2021,5,66.0,0.0,2021_05,164,2021_05
2021,5,67.0,0.0,2021_05,162,2021_05
2021,5,68.0,0.0,2021_05,161,2021_05
2021,5,69.0,0.0,2021_05,181,2021_05
2021,5,71.0,0.0,2021_05,117,2021_05
2021,5,72.0,0.0,2021_05,119,2021_05
2021,5,73.0,0.0,2021_05,116,2021_05
2021,5,74.0,0.0,2021_05,118,2021_05
2021,5,75.0,0.0,2021_05,115,2021_05
2021,5,76.0,0.0,2021_05,172,2021_05
2021,5,77.0,0.0,2021_05,176,2021_05
2021,5,78.0,0.0,2021_05,173,2021_05
2021,5,79.0,0.0,2021_05,177,2021_05
2021,5,80.0,0.0,2021_05,174,2021_05
2021,5,81.0,0.0,2021_05,175,2021_05
2021,5,82.0,0.0,2021_05,194,2021_05
2021,5,83.0,0.0,2021_05,196,2021_05
2021,5,84.0,0.0,2021_05,195,2021_05
2021,5,85.0,0.0,2021_05,197,2021_05
2021,5,86.0,0.0,2021_05,253,2021_05
2021,5,87.0,0.0,2021_05,252,2021_05
2021,5,88.0,0.0,2021_05,254,2021_05
2021,5,89.0,0.0,2021_05,277,2021_05
2021,5,90.0,0.0,2021_05,169,2021_05
2021,5,91.0,0.0,2021_05,170,2021_05
2021,5,92.0,0.0,2021_05,276,2021_05
2021,5,93.0,0.0,2021_05,171,2021_05
2021,5,94.0,0.0,2021_05,219,2021_05
2021,5,95.0,0.0,2021_05,273,2021_05
2021,5,96.0,0.0,2021_05,219,2021_05
2021,5,97.0,0.0,2021_05,221,2021_05
2021,5,98.0,0.0,2021_05,220,2021_05
2021,5,99.0,0.0,2021_05,211,2021_05
2021,5,100.0,0.0,2021_05,210,2021_05
2021,5,101.0,0.0,2021_05,217,2021_05
2021,5,102.0,0.0,2021_05,208,2021_05
2021,5,103.0,0.0,2021_05,215,2021_05
2021,5,104.0,0.0,2021_05,214,2021_05
2021,5,105.0,0.0,2021_05,213,2021_05
2021,5,106.0,0.0,2021_05,216,2021_05
2021,5,107.0,0.0,2021_05,212,2021_05
2021,5,108.0,0.0,2021_05,272,2021_05
2021,5,109.0,0.0,2021_05,209,2021_05
2021,5,110.0,0.0,2021_05,178,2021_05
2021,5,111.0,0.0,2021_05,275,2021_05
2021,5,112.0,0.0,2021_05,179,2021_05
2021,5,113.0,0.0,2021_05,255,2021_05
2021,5,114.0,0.0,2021_05,189,2021_05
2021,5,115.0,0.0,2021_05,190,2021_05
2021,5,116.0,0.0,2021_05,192,2021_05
2021,5,117.0,0.0,2021_05,191,2021_05
2021,5,118.0,0.0,2021_05,193,2021_05
2021,5,119.0,0.0,2021_05,104,2021_05
2021,5,120.0,0.0,2021_05,103,2021_05
2021,5,121.0,0.0,2021_05,101,2021_05
2021,5,122.0,0.0,2021_05,102,2021_05
2021,5,123.0,0.0,2021_05,105,2021_05
2021,5,124.0,0.0,2021_05,142,2021_05
2021,5,125.0,0.0,2021_05,146,2021_05
2021,5,126.0,0.0,2021_05,147,2021_05
2021,5,127.0,0.0,2021_05,141,2021_05
2021,5,128.0,0.0,2021_05,145,2021_05
2021,5,129.0,0.0,2021_05,143,2021_05
2021,5,130.0,0.0,2021_05,144,2021_05
2021,5,131.0,0.0,2021_05,281,2021_05
2021,5,132.0,0.0,2021_05,271,2021_05
2021,5,133.0,0.0,2021_05,128,2021_05
2021,5,134.0,0.0,2021_05,129,2021_05
2021,5,135.0,0.0,2021_05,126,2021_05
2021,5,136.0,0.0,2021_05,127,2021_05
2021,5,137.0,0.0,2021_05,134,2021_05
2021,5,138.0,0.0,2021_05,136,2021_05
2021,5,139.0,0.0,2021_05,133,2021_05
2021,5,140.0,0.0,2021_05,135,2021_05
2021,5,141.0,0.0,2021_05,132,2021_05
2021,5,142.0,0.0,2021_05,131,2021_05
2021,5,143.0,0.0,2021_05,130,2021_05
2021,5,144.0,0.0,2021_05,226,2021_05
2021,5,145.0,0.0,2021_05,224,2021_05
2021,5,146.0,0.0,2021_05,225,2021_05
2021,5,147.0,0.0,2021_05,228,2021_05
2021,5,148.0,0.0,2021_05,222,2021_05
2021,5,149.0,0.0,2021_05,223,2021_05
2021,5,150.0,0.0,2021_05,227,2021_05
2021,5,151.0,0.0,2021_05,166,2021_05
2021,5,152.0,0.0,2021_05,167,2021_05
2021,5,153.0,0.0,2021_05,168,2021_05
2021,5,154.0,0.0,2021_05,165,2021_05
2021,5,155.0,0.0,2021_05,137,2021_05
2021,5,156.0,0.0,2021_05,139,2021_05
2021,5,157.0,0.0,2021_05,138,2021_05
2021,5,158.0,0.0,2021_05,140,2021_05
2021,5,159.0,0.0,2021_05,137,2021_05
2021,5,160.0,0.0,2021_05,257,2021_05
2021,5,161.0,0.0,2021_05,256,2021_05
2021,5,162.0,0.0,2021_05,156,2021_05
2021,5,163.0,0.0,2021_05,155,2021_05
2021,5,164.0,0.0,2021_05,157,2021_05
2021,5,165.0,0.0,2021_05,154,2021_05
2021,5,166.0,0.0,2021_05,247,2021_05
2021,5,167.0,0.0,2021_05,246,2021_05
2021,5,168.0,0.0,2021_05,245,2021_05
2021,5,169.0,0.0,2021_05,241,2021_05
2021,5,170.0,0.0,2021_05,268,2021_05
2021,5,173.0,0.0,2021_05,280,2021_05
2021,5,174.0,0.0,2021_05,202,2021_05
2021,5,175.0,0.0,2021_05,279,2021_05
2021,5,176.0,0.0,2021_05,168,2021_05
2021,5,177.0,0.0,2021_05,140,2021_05
2021,5,178.0,0.0,2021_05,231,2021_05
2021,7,2.0,0.0,2021_07,262,2021_07
2021,7,3.0,0.0,2021_07,234,2021_07
2021,7,4.0,0.0,2021_07,261,2021_07
2021,7,10.0,0.0,2021_07,243,2021_07
2021,7,10.0,0.0,2021_07,269,2021_07
2021,7,16.0,0.0,2021_07,260,2021_07
2021,7,16.0,0.0,2021_07,230,2021_07
2021,7,17.0,0.0,2021_07,259,2021_07
2021,7,18.0,0.0,2021_07,233,2021_07
2021,7,19.0,0.0,2021_07,122,2021_07
2021,7,20.0,0.0,2021_07,264,2021_07
2021,7,21.0,0.0,2021_07,266,2021_07
2021,7,22.0,0.0,2021_07,121,2021_07
2021,7,23.0,0.0,2021_07,120,2021_07
2021,7,24.0,0.0,2021_07,265,2021_07
2021,7,25.0,0.0,2021_07,124,2021_07
2021,7,26.0,0.0,2021_07,123,2021_07
2021,7,27.0,0.0,2021_07,249,2021_07
2021,7,28.0,0.0,2021_07,251,2021_07
2021,7,29.0,0.0,2021_07,250,2021_07
2021,7,30.0,0.0,2021_07,199,2021_07
2021,7,31.0,0.0,2021_07,201,2021_07
2021,7,32.0,0.0,2021_07,198,2021_07
2021,7,33.0,0.0,2021_07,200,2021_07
2021,7,35.0,0.0,2021_07,186,2021_07
2021,7,36.0,0.0,2021_07,184,2021_07
2021,7,37.0,0.0,2021_07,185,2021_07
2021,7,38.0,0.0,2021_07,187,2021_07
2021,7,39.0,0.0,2021_07,188,2021_07
2021,7,40.0,0.0,2021_07,248,2021_07
2021,7,41.0,0.0,2021_07,278,2021_07
2021,7,42.0,0.0,2021_07,279,2021_07
2021,7,43.0,0.0,2021_07,207,2021_07
2021,7,44.0,0.0,2021_07,206,2021_07
2021,7,45.0,0.0,2021_07,205,2021_07
2021,7,46.0,0.0,2021_07,239,2021_07
2021,7,47.0,0.0,2021_07,270,2021_07
2021,7,48.0,0.0,2021_07,238,2021_07
2021,7,50.0,0.0,2021_07,150,2021_07
2021,7,51.0,0.0,2021_07,152,2021_07
2021,7,52.0,0.0,2021_07,153,2021_07
2021,7,53.0,0.0,2021_07,151,2021_07
2021,7,54.0,0.0,2021_07,110,2021_07
2021,7,55.0,0.0,2021_07,112,2021_07
2021,7,56.0,0.0,2021_07,114,2021_07
2021,7,57.0,0.0,2021_07,113,2021_07
2021,7,58.0,0.0,2021_07,109,2021_07
2021,7,59.0,0.0,2021_07,111,2021_07
2021,7,60.0,0.0,2021_07,112,2021_07
2021,7,61.0,0.0,2021_07,256,2021_07
2021,7,62.0,0.0,2021_07,163,2021_07
2021,7,63.0,0.0,2021_07,159,2021_07
2021,7,64.0,0.0,2021_07,158,2021_07
2021,7,65.0,0.0,2021_07,160,2021_07
2021,7,66.0,0.0,2021_07,164,2021_07
2021,7,67.0,0.0,2021_07,162,2021_07
2021,7,68.0,0.0,2021_07,161,2021_07
2021,7,69.0,0.0,2021_07,181,2021_07
2021,7,71.0,0.0,2021_07,117,2021_07
2021,7,72.0,0.0,2021_07,119,2021_07
2021,7,73.0,0.0,2021_07,116,2021_07
2021,7,74.0,0.0,2021_07,118,2021_07
2021,7,75.0,0.0,2021_07,115,2021_07
2021,7,76.0,0.0,2021_07,172,2021_07
2021,7,77.0,0.0,2021_07,176,2021_07
2021,7,78.0,0.0,2021_07,173,2021_07
2021,7,79.0,0.0,2021_07,177,2021_07
2021,7,80.0,0.0,2021_07,174,2021_07
2021,7,81.0,0.0,2021_07,175,2021_07
2021,7,82.0,0.0,2021_07,194,2021_07
2021,7,83.0,0.0,2021_07,196,2021_07
2021,7,84.0,0.0,2021_07,195,2021_07
2021,7,85.0,0.0,2021_07,197,2021_07
2021,7,86.0,0.0,2021_07,253,2021_07
2021,7,87.0,0.0,2021_07,252,2021_07
2021,7,88.0,0.0,2021_07,254,2021_07
2021,7,89.0,0.0,2021_07,277,2021_07
2021,7,90.0,0.0,2021_07,169,2021_07
2021,7,91.0,0.0,2021_07,170,2021_07
2021,7,92.0,0.0,2021_07,276,2021_07
2021,7,93.0,0.0,2021_07,171,2021_07
2021,7,94.0,0.0,2021_07,219,2021_07
2021,7,95.0,0.0,2021_07,273,2021_07
2021,7,96.0,0.0,2021_07,219,2021_07
2021,7,97.0,0.0,2021_07,221,2021_07
2021,7,98.0,0.0,2021_07,220,2021_07
2021,7,99.0,0.0,2021_07,211,2021_07
2021,7,100.0,0.0,2021_07,210,2021_07
2021,7,101.0,0.0,2021_07,217,2021_07
2021,7,102.0,0.0,2021_07,208,2021_07
2021,7,103.0,0.0,2021_07,215,2021_07
2021,7,104.0,0.0,2021_07,214,2021_07
2021,7,105.0,0.0,2021_07,213,2021_07
2021,7,106.0,0.0,2021_07,216,2021_07
2021,7,107.0,0.0,2021_07,212,2021_07
2021,7,108.0,0.0,2021_07,272,2021_07
2021,7,109.0,0.0,2021_07,209,2021_07
2021,7,110.0,0.0,2021_07,178,2021_07
2021,7,111.0,0.0,2021_07,275,2021_07
2021,7,112.0,0.0,2021_07,179,2021_07
2021,7,113.0,0.0,2021_07,255,2021_07
2021,7,114.0,0.0,2021_07,189,2021_07
2021,7,115.0,0.0,2021_07,190,2021_07
2021,7,116.0,0.0,2021_07,192,2021_07
2021,7,117.0,0.0,2021_07,191,2021_07
2021,7,118.0,0.0,2021_07,193,2021_07
2021,7,119.0,0.0,2021_07,104,2021_07
2021,7,120.0,0.0,2021_07,103,2021_07
2021,7,121.0,0.0,2021_07,101,2021_07
2021,7,122.0,0.0,2021_07,102,2021_07
2021,7,123.0,0.0,2021_07,105,2021_07
2021,7,124.0,0.0,2021_07,142,2021_07
2021,7,125.0,0.0,2021_07,146,2021_07
2021,7,126.0,0.0,2021_07,147,2021_07
2021,7,127.0,0.0,2021_07,141,2021_07
2021,7,128.0,0.0,2021_07,145,2021_07
2021,7,129.0,0.0,2021_07,143,2021_07
2021,7,130.0,0.0,2021_07,144,2021_07
2021,7,131.0,0.0,2021_07,281,2021_07
2021,7,132.0,0.0,2021_07,271,2021_07
2021,7,133.0,0.0,2021_07,128,2021_07
2021,7,134.0,0.0,2021_07,129,2021_07
2021,7,135.0,0.0,2021_07,126,2021_07
2021,7,136.0,0.0,2021_07,127,2021_07
2021,7,137.0,0.0,2021_07,134,2021_07
2021,7,138.0,0.0,2021_07,136,2021_07
2021,7,139.0,0.0,2021_07,133,2021_07
2021,7,140.0,0.0,2021_07,135,2021_07
2021,7,141.0,0.0,2021_07,132,2021_07
2021,7,142.0,0.0,2021_07,131,2021_07
2021,7,143.0,0.0,2021_07,130,2021_07
2021,7,144.0,0.0,2021_07,226,2021_07
2021,7,145.0,0.0,2021_07,224,2021_07
2021,7,146.0,0.0,2021_07,225,2021_07
2021,7,147.0,0.0,2021_07,228,2021_07
2021,7,148.0,0.0,2021_07,222,2021_07
2021,7,149.0,0.0,2021_07,223,2021_07
2021,7,150.0,0.0,2021_07,227,2021_07
2021,7,151.0,0.0,2021_07,166,2021_07
2021,7,152.0,0.0,2021_07,167,2021_07
2021,7,153.0,0.0,2021_07,168,2021_07
2021,7,154.0,0.0,2021_07,165,2021_07
2021,7,155.0,0.0,2021_07,137,2021_07
2021,7,156.0,0.0,2021_07,139,2021_07
2021,7,157.0,0.0,2021_07,138,2021_07
2021,7,158.0,0.0,2021_07,140,2021_07
2021,7,159.0,0.0,2021_07,137,2021_07
2021,7,160.0,0.0,2021_07,257,2021_07
2021,7,161.0,0.0,2021_07,256,2021_07
2021,7,162.0,0.0,2021_07,156,2021_07
2021,7,163.0,0.0,2021_07,155,2021_07
2021,7,164.0,0.0,2021_07,157,2021_07
2021,7,165.0,0.0,2021_07,154,2021_07
2021,7,166.0,0.0,2021_07,247,2021_07
2021,7,167.0,0.0,2021_07,246,2021_07
2021,7,168.0,0.0,2021_07,245,2021_07
2021,7,169.0,0.0,2021_07,241,2021_07
2021,7,170.0,0.0,2021_07,268,2021_07
2021,7,173.0,0.0,2021_07,280,2021_07
2021,7,174.0,0.0,2021_07,202,2021_07
2021,7,175.0,0.0,2021_07,279,2021_07
2021,7,176.0,0.0,2021_07,168,2021_07
2021,7,177.0,0.0,2021_07,140,2021_07
2021,7,178.0,0.0,2021_07,231,2021_07
2021,9,2.0,0.0,2021_09,262,2021_09
2021,9,3.0,0.0,2021_09,234,2021_09
2021,9,4.0,0.0,2021_09,261,2021_09
2021,9,10.0,0.0,2021_09,243,2021_09
2021,9,10.0,0.0,2021_09,269,2021_09
2021,9,16.0,0.0,2021_09,260,2021_09
2021,9,16.0,0.0,2021_09,230,2021_09
2021,9,17.0,0.0,2021_09,259,2021_09
2021,9,18.0,0.0,2021_09,233,2021_09
2021,9,19.0,0.0,2021_09,122,2021_09
2021,9,20.0,0.0,2021_09,264,2021_09
2021,9,21.0,0.0,2021_09,266,2021_09
2021,9,22.0,0.0,2021_09,121,2021_09
2021,9,23.0,0.0,2021_09,120,2021_09
2021,9,24.0,0.0,2021_09,265,2021_09
2021,9,25.0,0.0,2021_09,124,2021_09
2021,9,26.0,0.0,2021_09,123,2021_09
2021,9,27.0,0.0,2021_09,249,2021_09
2021,9,28.0,0.0,2021_09,251,2021_09
2021,9,29.0,0.0,2021_09,250,2021_09
2021,9,30.0,0.0,2021_09,199,2021_09
2021,9,31.0,0.0,2021_09,201,2021_09
2021,9,32.0,0.0,2021_09,198,2021_09
2021,9,33.0,0.0,2021_09,200,2021_09
2021,9,35.0,0.0,2021_09,186,2021_09
2021,9,36.0,0.0,2021_09,184,2021_09
2021,9,37.0,0.0,2021_09,185,2021_09
2021,9,38.0,0.0,2021_09,187,2021_09
2021,9,39.0,0.0,2021_09,188,2021_09
2021,9,40.0,0.0,2021_09,248,2021_09
2021,9,41.0,0.0,2021_09,278,2021_09
2021,9,42.0,0.0,2021_09,279,2021_09
2021,9,43.0,0.0,2021_09,207,2021_09
2021,9,44.0,0.0,2021_09,206,2021_09
2021,9,45.0,0.0,2021_09,205,2021_09
2021,9,46.0,0.0,2021_09,239,2021_09
2021,9,47.0,0.0,2021_09,270,2021_09
2021,9,48.0,0.0,2021_09,238,2021_09
2021,9,50.0,0.0,2021_09,150,2021_09
2021,9,51.0,0.0,2021_09,152,2021_09
2021,9,52.0,0.0,2021_09,153,2021_09
2021,9,53.0,0.0,2021_09,151,2021_09
2021,9,54.0,0.0,2021_09,110,2021_09
2021,9,55.0,0.0,2021_09,112,2021_09
2021,9,56.0,0.0,2021_09,114,2021_09
2021,9,57.0,0.0,2021_09,113,2021_09
2021,9,58.0,0.0,2021_09,109,2021_09
2021,9,59.0,0.0,2021_09,111,2021_09
2021,9,60.0,0.0,2021_09,112,2021_09
2021,9,61.0,0.0,2021_09,256,2021_09
2021,9,62.0,0.0,2021_09,163,2021_09
2021,9,63.0,0.0,2021_09,159,2021_09
2021,9,64.0,0.0,2021_09,158,2021_09
2021,9,65.0,0.0,2021_09,160,2021_09
2021,9,66.0,0.0,2021_09,164,2021_09
2021,9,67.0,0.0,2021_09,162,2021_09
2021,9,68.0,0.0,2021_09,161,2021_09
2021,9,69.0,0.0,2021_09,181,2021_09
2021,9,71.0,0.0,2021_09,117,2021_09
2021,9,72.0,0.0,2021_09,119,2021_09
2021,9,73.0,0.0,2021_09,116,2021_09
2021,9,74.0,0.0,2021_09,118,2021_09
2021,9,75.0,0.0,2021_09,115,2021_09
2021,9,76.0,0.0,2021_09,172,2021_09
2021,9,77.0,0.0,2021_09,176,2021_09
2021,9,78.0,0.0,2021_09,173,2021_09
2021,9,79.0,0.0,2021_09,177,2021_09
2021,9,80.0,0.0,2021_09,174,2021_09
2021,9,81.0,0.0,2021_09,175,2021_09
2021,9,82.0,0.0,2021_09,194,2021_09
2021,9,83.0,0.0,2021_09,196,2021_09
2021,9,84.0,0.0,2021_09,195,2021_09
2021,9,85.0,0.0,2021_09,197,2021_09
2021,9,86.0,0.0,2021_09,253,2021_09
2021,9,87.0,0.0,2021_09,252,2021_09
2021,9,88.0,0.0,2021_09,254,2021_09
2021,9,89.0,0.0,2021_09,277,2021_09
2021,9,90.0,0.0,2021_09,169,2021_09
2021,9,91.0,0.0,2021_09,170,2021_09
2021,9,92.0,0.0,2021_09,276,2021_09
2021,9,93.0,0.0,2021_09,171,2021_09
2021,9,94.0,0.0,2021_09,219,2021_09
2021,9,95.0,0.0,2021_09,273,2021_09
2021,9,96.0,0.0,2021_09,219,2021_09
2021,9,97.0,0.0,2021_09,221,2021_09
2021,9,98.0,0.0,2021_09,220,2021_09
2021,9,99.0,0.0,2021_09,211,2021_09
2021,9,100.0,0.0,2021_09,210,2021_09
2021,9,101.0,0.0,2021_09,217,2021_09
2021,9,102.0,0.0,2021_09,208,2021_09
2021,9,103.0,0.0,2021_09,215,2021_09
2021,9,104.0,0.0,2021_09,214,2021_09
2021,9,105.0,0.0,2021_09,213,2021_09
2021,9,106.0,0.0,2021_09,216,2021_09
2021,9,107.0,0.0,2021_09,212,2021_09
2021,9,108.0,0.0,2021_09,272,2021_09
2021,9,109.0,0.0,2021_09,209,2021_09
2021,9,110.0,0.0,2021_09,178,2021_09
2021,9,111.0,0.0,2021_09,275,2021_09
2021,9,112.0,0.0,2021_09,179,2021_09
2021,9,113.0,0.0,2021_09,255,2021_09
2021,9,114.0,0.0,2021_09,189,2021_09
2021,9,115.0,0.0,2021_09,190,2021_09
2021,9,116.0,0.0,2021_09,192,2021_09
2021,9,117.0,0.0,2021_09,191,2021_09
2021,9,118.0,0.0,2021_09,193,2021_09
2021,9,119.0,0.0,2021_09,104,2021_09
2021,9,120.0,0.0,2021_09,103,2021_09
2021,9,121.0,0.0,2021_09,101,2021_09
2021,9,122.0,0.0,2021_09,102,2021_09
2021,9,123.0,0.0,2021_09,105,2021_09
2021,9,124.0,0.0,2021_09,142,2021_09
2021,9,125.0,0.0,2021_09,146,2021_09
2021,9,126.0,0.0,2021_09,147,2021_09
2021,9,127.0,0.0,2021_09,141,2021_09
2021,9,128.0,0.0,2021_09,145,2021_09
2021,9,129.0,0.0,2021_09,143,2021_09
2021,9,130.0,0.0,2021_09,144,2021_09
2021,9,131.0,0.0,2021_09,281,2021_09
2021,9,132.0,0.0,2021_09,271,2021_09
2021,9,133.0,0.0,2021_09,128,2021_09
2021,9,134.0,0.0,2021_09,129,2021_09
2021,9,135.0,0.0,2021_09,126,2021_09
2021,9,136.0,0.0,2021_09,127,2021_09
2021,9,137.0,0.0,2021_09,134,2021_09
2021,9,138.0,0.0,2021_09,136,2021_09
2021,9,139.0,0.0,2021_09,133,2021_09
2021,9,140.0,0.0,2021_09,135,2021_09
2021,9,141.0,0.0,2021_09,132,2021_09
2021,9,142.0,0.0,2021_09,131,2021_09
2021,9,143.0,0.0,2021_09,130,2021_09
2021,9,144.0,0.0,2021_09,226,2021_09
2021,9,145.0,0.0,2021_09,224,2021_09
2021,9,146.0,0.0,2021_09,225,2021_09
2021,9,147.0,0.0,2021_09,228,2021_09
2021,9,148.0,0.0,2021_09,222,2021_09
2021,9,149.0,0.0,2021_09,223,2021_09
2021,9,150.0,0.0,2021_09,227,2021_09
2021,9,151.0,0.0,2021_09,166,2021_09
2021,9,152.0,0.0,2021_09,167,2021_09
2021,9,153.0,0.0,2021_09,168,2021_09
2021,9,154.0,0.0,2021_09,165,2021_09
2021,9,155.0,0.0,2021_09,137,2021_09
2021,9,156.0,0.0,2021_09,139,2021_09
2021,9,157.0,0.0,2021_09,138,2021_09
2021,9,158.0,0.0,2021_09,140,2021_09
2021,9,159.0,0.0,2021_09,137,2021_09
2021,9,160.0,0.0,2021_09,257,2021_09
2021,9,161.0,0.0,2021_09,256,2021_09
2021,9,162.0,0.0,2021_09,156,2021_09
2021,9,163.0,0.0,2021_09,155,2021_09
2021,9,164.0,0.0,2021_09,157,2021_09
2021,9,165.0,0.0,2021_09,154,2021_09
2021,9,166.0,0.0,2021_09,247,2021_09
2021,9,167.0,0.0,2021_09,246,2021_09
2021,9,168.0,0.0,2021_09,245,2021_09
2021,9,169.0,0.0,2021_09,241,2021_09
2021,9,170.0,0.0,2021_09,268,2021_09
2021,9,173.0,0.0,2021_09,280,2021_09
2021,9,174.0,0.0,2021_09,202,2021_09
2021,9,175.0,0.0,2021_09,279,2021_09
2021,9,176.0,0.0,2021_09,168,2021_09
2021,9,177.0,0.0,2021_09,140,2021_09
2021,9,178.0,0.0,2021_09,231,2021_09
2021,10,2.0,0.0,2021_10,262,2021_10
2021,10,3.0,0.0,2021_10,234,2021_10
2021,10,4.0,0.0,2021_10,261,2021_10
2021,10,10.0,0.0,2021_10,243,2021_10
2021,10,10.0,0.0,2021_10,269,2021_10
2021,10,16.0,0.0,2021_10,260,2021_10
2021,10,16.0,0.0,2021_10,230,2021_10
2021,10,17.0,0.0,2021_10,259,2021_10
2021,10,18.0,0.0,2021_10,233,2021_10
2021,10,19.0,0.0,2021_10,122,2021_10
2021,10,20.0,0.0,2021_10,264,2021_10
2021,10,21.0,0.0,2021_10,266,2021_10
2021,10,22.0,0.0,2021_10,121,2021_10
2021,10,23.0,0.0,2021_10,120,2021_10
2021,10,24.0,0.0,2021_10,265,2021_10
2021,10,25.0,0.0,2021_10,124,2021_10
2021,10,26.0,0.0,2021_10,123,2021_10
2021,10,27.0,0.0,2021_10,249,2021_10
2021,10,28.0,0.0,2021_10,251,2021_10
2021,10,29.0,0.0,2021_10,250,2021_10
2021,10,30.0,0.0,2021_10,199,2021_10
2021,10,31.0,0.0,2021_10,201,2021_10
2021,10,32.0,0.0,2021_10,198,2021_10
2021,10,33.0,0.0,2021_10,200,2021_10
2021,10,35.0,0.0,2021_10,186,2021_10
2021,10,36.0,0.0,2021_10,184,2021_10
2021,10,37.0,0.0,2021_10,185,2021_10
2021,10,38.0,0.0,2021_10,187,2021_10
2021,10,39.0,0.0,2021_10,188,2021_10
2021,10,40.0,0.0,2021_10,248,2021_10
2021,10,41.0,0.0,2021_10,278,2021_10
2021,10,42.0,0.0,2021_10,279,2021_10
2021,10,43.0,0.0,2021_10,207,2021_10
2021,10,44.0,0.0,2021_10,206,2021_10
2021,10,45.0,0.0,2021_10,205,2021_10
2021,10,46.0,0.0,2021_10,239,2021_10
2021,10,47.0,0.0,2021_10,270,2021_10
2021,10,48.0,0.0,2021_10,238,2021_10
2021,10,50.0,0.0,2021_10,150,2021_10
2021,10,51.0,0.0,2021_10,152,2021_10
2021,10,52.0,0.0,2021_10,153,2021_10
2021,10,53.0,0.0,2021_10,151,2021_10
2021,10,54.0,0.0,2021_10,110,2021_10
2021,10,55.0,0.0,2021_10,112,2021_10
2021,10,56.0,0.0,2021_10,114,2021_10
2021,10,57.0,0.0,2021_10,113,2021_10
2021,10,58.0,0.0,2021_10,109,2021_10
2021,10,59.0,0.0,2021_10,111,2021_10
2021,10,60.0,0.0,2021_10,112,2021_10
2021,10,61.0,0.0,2021_10,256,2021_10
2021,10,62.0,0.0,2021_10,163,2021_10
2021,10,63.0,0.0,2021_10,159,2021_10
2021,10,64.0,0.0,2021_10,158,2021_10
2021,10,65.0,0.0,2021_10,160,2021_10
2021,10,66.0,0.0,2021_10,164,2021_10
2021,10,67.0,0.0,2021_10,162,2021_10
2021,10,68.0,0.0,2021_10,161,2021_10
2021,10,69.0,0.0,2021_10,181,2021_10
2021,10,71.0,0.0,2021_10,117,2021_10
2021,10,72.0,0.0,2021_10,119,2021_10
2021,10,73.0,0.0,2021_10,116,2021_10
2021,10,74.0,0.0,2021_10,118,2021_10
2021,10,75.0,0.0,2021_10,115,2021_10
2021,10,76.0,0.0,2021_10,172,2021_10
2021,10,77.0,0.0,2021_10,176,2021_10
2021,10,78.0,0.0,2021_10,173,2021_10
2021,10,79.0,0.0,2021_10,177,2021_10
2021,10,80.0,0.0,2021_10,174,2021_10
2021,10,81.0,0.0,2021_10,175,2021_10
2021,10,82.0,0.0,2021_10,194,2021_10
2021,10,83.0,0.0,2021_10,196,2021_10
2021,10,84.0,0.0,2021_10,195,2021_10
2021,10,85.0,0.0,2021_10,197,2021_10
2021,10,86.0,0.0,2021_10,253,2021_10
2021,10,87.0,0.0,2021_10,252,2021_10
2021,10,88.0,0.0,2021_10,254,2021_10
2021,10,89.0,0.0,2021_10,277,2021_10
2021,10,90.0,0.0,2021_10,169,2021_10
2021,10,91.0,0.0,2021_10,170,2021_10
2021,10,92.0,0.0,2021_10,276,2021_10
2021,10,93.0,0.0,2021_10,171,2021_10
2021,10,94.0,0.0,2021_10,219,2021_10
2021,10,95.0,0.0,2021_10,273,2021_10
2021,10,96.0,0.0,2021_10,219,2021_10
2021,10,97.0,0.0,2021_10,221,2021_10
2021,10,98.0,0.0,2021_10,220,2021_10
2021,10,99.0,0.0,2021_10,211,2021_10
2021,10,100.0,0.0,2021_10,210,2021_10
2021,10,101.0,0.0,2021_10,217,2021_10
2021,10,102.0,0.0,2021_10,208,2021_10
2021,10,103.0,0.0,2021_10,215,2021_10
2021,10,104.0,0.0,2021_10,214,2021_10
2021,10,105.0,0.0,2021_10,213,2021_10
2021,10,106.0,0.0,2021_10,216,2021_10
2021,10,107.0,0.0,2021_10,212,2021_10
2021,10,108.0,0.0,2021_10,272,2021_10
2021,10,109.0,0.0,2021_10,209,2021_10
2021,10,110.0,0.0,2021_10,178,2021_10
2021,10,111.0,0.0,2021_10,275,2021_10
2021,10,112.0,0.0,2021_10,179,2021_10
2021,10,113.0,0.0,2021_10,255,2021_10
2021,10,114.0,0.0,2021_10,189,2021_10
2021,10,115.0,0.0,2021_10,190,2021_10
2021,10,116.0,0.0,2021_10,192,2021_10
2021,10,117.0,0.0,2021_10,191,2021_10
2021,10,118.0,0.0,2021_10,193,2021_10
2021,10,119.0,0.0,2021_10,104,2021_10
2021,10,120.0,0.0,2021_10,103,2021_10
2021,10,121.0,0.0,2021_10,101,2021_10
2021,10,122.0,0.0,2021_10,102,2021_10
2021,10,123.0,0.0,2021_10,105,2021_10
2021,10,124.0,0.0,2021_10,142,2021_10
2021,10,125.0,0.0,2021_10,146,2021_10
2021,10,126.0,0.0,2021_10,147,2021_10
2021,10,127.0,0.0,2021_10,141,2021_10
2021,10,128.0,0.0,2021_10,145,2021_10
2021,10,129.0,0.0,2021_10,143,2021_10
2021,10,130.0,0.0,2021_10,144,2021_10
2021,10,131.0,0.0,2021_10,281,2021_10
2021,10,132.0,0.0,2021_10,271,2021_10
2021,10,133.0,0.0,2021_10,128,2021_10
2021,10,134.0,0.0,2021_10,129,2021_10
2021,10,135.0,0.0,2021_10,126,2021_10
2021,10,136.0,0.0,2021_10,127,2021_10
2021,10,137.0,0.0,2021_10,134,2021_10
2021,10,138.0,0.0,2021_10,136,2021_10
2021,10,139.0,0.0,2021_10,133,2021_10
2021,10,140.0,0.0,2021_10,135,2021_10
2021,10,141.0,0.0,2021_10,132,2021_10
2021,10,142.0,0.0,2021_10,131,2021_10
2021,10,143.0,0.0,2021_10,130,2021_10
2021,10,144.0,0.0,2021_10,226,2021_10
2021,10,145.0,0.0,2021_10,224,2021_10
2021,10,146.0,0.0,2021_10,225,2021_10
2021,10,147.0,0.0,2021_10,228,2021_10
2021,10,148.0,0.0,2021_10,222,2021_10
2021,10,149.0,0.0,2021_10,223,2021_10
2021,10,150.0,0.0,2021_10,227,2021_10
2021,10,151.0,0.0,2021_10,166,2021_10
2021,10,152.0,0.0,2021_10,167,2021_10
2021,10,153.0,0.0,2021_10,168,2021_10
2021,10,154.0,0.0,2021_10,165,2021_10
2021,10,155.0,0.0,2021_10,137,2021_10
2021,10,156.0,0.0,2021_10,139,2021_10
2021,10,157.0,0.0,2021_10,138,2021_10
2021,10,158.0,0.0,2021_10,140,2021_10
2021,10,159.0,0.0,2021_10,137,2021_10
2021,10,160.0,0.0,2021_10,257,2021_10
2021,10,161.0,0.0,2021_10,256,2021_10
2021,10,162.0,0.0,2021_10,156,2021_10
2021,10,163.0,0.0,2021_10,155,2021_10
2021,10,164.0,0.0,2021_10,157,2021_10
2021,10,165.0,0.0,2021_10,154,2021_10
2021,10,166.0,0.0,2021_10,247,2021_10
2021,10,167.0,0.0,2021_10,246,2021_10
2021,10,168.0,0.0,2021_10,245,2021_10
2021,10,169.0,0.0,2021_10,241,2021_10
2021,10,170.0,0.0,2021_10,268,2021_10
2021,10,173.0,0.0,2021_10,280,2021_10
2021,10,174.0,0.0,2021_10,202,2021_10
2021,10,175.0,0.0,2021_10,279,2021_10
2021,10,176.0,0.0,2021_10,168,2021_10
2021,10,177.0,0.0,2021_10,140,2021_10
2021,10,178.0,0.0,2021_10,231,2021_10
2023,8,2.0,0.0,2023_08,262,2023_08
2023,8,3.0,0.0,2023_08,234,2023_08
2023,8,4.0,0.0,2023_08,261,2023_08
2023,8,10.0,0.0,2023_08,243,2023_08
2023,8,10.0,0.0,2023_08,269,2023_08
2023,8,16.0,0.0,2023_08,260,2023_08
2023,8,16.0,0.0,2023_08,230,2023_08
2023,8,17.0,0.0,2023_08,259,2023_08
2023,8,18.0,0.0,2023_08,233,2023_08
2023,8,19.0,0.0,2023_08,122,2023_08
2023,8,20.0,0.0,2023_08,264,2023_08
2023,8,21.0,0.0,2023_08,266,2023_08
2023,8,22.0,0.0,2023_08,121,2023_08
2023,8,23.0,0.0,2023_08,120,2023_08
2023,8,24.0,0.0,2023_08,265,2023_08
2023,8,25.0,0.0,2023_08,124,2023_08
2023,8,26.0,0.0,2023_08,123,2023_08
2023,8,27.0,0.0,2023_08,249,2023_08
2023,8,28.0,0.0,2023_08,251,2023_08
2023,8,29.0,0.0,2023_08,250,2023_08
2023,8,30.0,0.0,2023_08,199,2023_08
2023,8,31.0,0.0,2023_08,201,2023_08
2023,8,32.0,0.0,2023_08,198,2023_08
2023,8,33.0,0.0,2023_08,200,2023_08
2023,8,35.0,0.0,2023_08,186,2023_08
2023,8,36.0,0.0,2023_08,184,2023_08
2023,8,37.0,0.0,2023_08,185,2023_08
2023,8,38.0,0.0,2023_08,187,2023_08
2023,8,39.0,0.0,2023_08,188,2023_08
2023,8,40.0,0.0,2023_08,248,2023_08
2023,8,41.0,0.0,2023_08,278,2023_08
2023,8,42.0,0.0,2023_08,279,2023_08
2023,8,43.0,0.0,2023_08,207,2023_08
2023,8,44.0,0.0,2023_08,206,2023_08
2023,8,45.0,0.0,2023_08,205,2023_08
2023,8,46.0,0.0,2023_08,239,2023_08
2023,8,47.0,0.0,2023_08,270,2023_08
2023,8,48.0,0.0,2023_08,238,2023_08
2023,8,50.0,0.0,2023_08,150,2023_08
2023,8,51.0,0.0,2023_08,152,2023_08
2023,8,52.0,0.0,2023_08,153,2023_08
2023,8,53.0,0.0,2023_08,151,2023_08
2023,8,54.0,0.0,2023_08,110,2023_08
2023,8,55.0,0.0,2023_08,112,2023_08
2023,8,56.0,0.0,2023_08,114,2023_08
2023,8,57.0,0.0,2023_08,113,2023_08
2023,8,58.0,0.0,2023_08,109,2023_08
2023,8,59.0,0.0,2023_08,111,2023_08
2023,8,60.0,0.0,2023_08,112,2023_08
2023,8,61.0,0.0,2023_08,256,2023_08
2023,8,62.0,0.0,2023_08,163,2023_08
2023,8,63.0,0.0,2023_08,159,2023_08
2023,8,64.0,0.0,2023_08,158,2023_08
2023,8,65.0,0.0,2023_08,160,2023_08
2023,8,66.0,0.0,2023_08,164,2023_08
2023,8,67.0,0.0,2023_08,162,2023_08
2023,8,68.0,0.0,2023_08,161,2023_08
2023,8,69.0,0.0,2023_08,181,2023_08
2023,8,71.0,0.0,2023_08,117,2023_08
2023,8,72.0,0.0,2023_08,119,2023_08
2023,8,73.0,0.0,2023_08,116,2023_08
2023,8,74.0,0.0,2023_08,118,2023_08
2023,8,75.0,0.0,2023_08,115,2023_08
2023,8,76.0,0.0,2023_08,172,2023_08
2023,8,77.0,0.0,2023_08,176,2023_08
2023,8,78.0,0.0,2023_08,173,2023_08
2023,8,79.0,0.0,2023_08,177,2023_08
2023,8,80.0,0.0,2023_08,174,2023_08
2023,8,81.0,0.0,2023_08,175,2023_08
2023,8,82.0,0.0,2023_08,194,2023_08
2023,8,83.0,0.0,2023_08,196,2023_08
2023,8,84.0,0.0,2023_08,195,2023_08
2023,8,85.0,0.0,2023_08,197,2023_08
2023,8,86.0,0.0,2023_08,253,2023_08
2023,8,87.0,0.0,2023_08,252,2023_08
2023,8,88.0,0.0,2023_08,254,2023_08
2023,8,89.0,0.0,2023_08,277,2023_08
2023,8,90.0,0.0,2023_08,169,2023_08
2023,8,91.0,0.0,2023_08,170,2023_08
2023,8,92.0,0.0,2023_08,276,2023_08
2023,8,93.0,0.0,2023_08,171,2023_08
2023,8,94.0,0.0,2023_08,219,2023_08
2023,8,95.0,0.0,2023_08,273,2023_08
2023,8,96.0,0.0,2023_08,219,2023_08
2023,8,97.0,0.0,2023_08,221,2023_08
2023,8,98.0,0.0,2023_08,220,2023_08
2023,8,99.0,0.0,2023_08,211,2023_08
2023,8,100.0,0.0,2023_08,210,2023_08
2023,8,101.0,0.0,2023_08,217,2023_08
2023,8,102.0,0.0,2023_08,208,2023_08
2023,8,103.0,0.0,2023_08,215,2023_08
2023,8,104.0,0.0,2023_08,214,2023_08
2023,8,105.0,0.0,2023_08,213,2023_08
2023,8,106.0,0.0,2023_08,216,2023_08
2023,8,107.0,0.0,2023_08,212,2023_08
2023,8,108.0,0.0,2023_08,272,2023_08
2023,8,109.0,0.0,2023_08,209,2023_08
2023,8,110.0,0.0,2023_08,178,2023_08
2023,8,111.0,0.0,2023_08,275,2023_08
2023,8,112.0,0.0,2023_08,179,2023_08
2023,8,113.0,0.0,2023_08,255,2023_08
2023,8,114.0,0.0,2023_08,189,2023_08
2023,8,115.0,0.0,2023_08,190,2023_08
2023,8,116.0,0.0,2023_08,192,2023_08
2023,8,117.0,0.0,2023_08,191,2023_08
2023,8,118.0,0.0,2023_08,193,2023_08
2023,8,119.0,0.0,2023_08,104,2023_08
2023,8,120.0,0.0,2023_08,103,2023_08
2023,8,121.0,0.0,2023_08,101,2023_08
2023,8,122.0,0.0,2023_08,102,2023_08
2023,8,123.0,0.0,2023_08,105,2023_08
2023,8,124.0,0.0,2023_08,142,2023_08
2023,8,125.0,0.0,2023_08,146,2023_08
2023,8,126.0,0.0,2023_08,147,2023_08
2023,8,127.0,0.0,2023_08,141,2023_08
2023,8,128.0,0.0,2023_08,145,2023_08
2023,8,129.0,0.0,2023_08,143,2023_08
2023,8,130.0,0.0,2023_08,144,2023_08
2023,8,131.0,0.0,2023_08,281,2023_08
2023,8,132.0,0.0,2023_08,271,2023_08
2023,8,133.0,0.0,2023_08,128,2023_08
2023,8,134.0,0.0,2023_08,129,2023_08
2023,8,135.0,0.0,2023_08,126,2023_08
2023,8,136.0,0.0,2023_08,127,2023_08
2023,8,137.0,0.0,2023_08,134,2023_08
2023,8,138.0,0.0,2023_08,136,2023_08
2023,8,139.0,0.0,2023_08,133,2023_08
2023,8,140.0,0.0,2023_08,135,2023_08
2023,8,141.0,0.0,2023_08,132,2023_08
2023,8,142.0,0.0,2023_08,131,2023_08
2023,8,143.0,0.0,2023_08,130,2023_08
2023,8,144.0,0.0,2023_08,226,2023_08
2023,8,145.0,0.0,2023_08,224,2023_08
2023,8,146.0,0.0,2023_08,225,2023_08
2023,8,147.0,0.0,2023_08,228,2023_08
2023,8,148.0,0.0,2023_08,222,2023_08
2023,8,149.0,0.0,2023_08,223,2023_08
2023,8,150.0,0.0,2023_08,227,2023_08
2023,8,151.0,0.0,2023_08,166,2023_08
2023,8,152.0,0.0,2023_08,167,2023_08
2023,8,153.0,0.0,2023_08,168,2023_08
2023,8,154.0,0.0,2023_08,165,2023_08
2023,8,155.0,0.0,2023_08,137,2023_08
2023,8,156.0,0.0,2023_08,139,2023_08
2023,8,157.0,0.0,2023_08,138,2023_08
2023,8,158.0,0.0,2023_08,140,2023_08
2023,8,159.0,0.0,2023_08,137,2023_08
2023,8,160.0,0.0,2023_08,257,2023_08
2023,8,161.0,0.0,2023_08,256,2023_08
2023,8,162.0,0.0,2023_08,156,2023_08
2023,8,163.0,0.0,2023_08,155,2023_08
2023,8,164.0,0.0,2023_08,157,2023_08
2023,8,165.0,0.0,2023_08,154,2023_08
2023,8,166.0,0.0,2023_08,247,2023_08
2023,8,167.0,0.0,2023_08,246,2023_08
2023,8,168.0,0.0,2023_08,245,2023_08
2023,8,169.0,0.0,2023_08,241,2023_08
2023,8,170.0,0.0,2023_08,268,2023_08
2023,8,173.0,0.0,2023_08,280,2023_08
2023,8,174.0,0.0,2023_08,202,2023_08
2023,8,175.0,0.0,2023_08,279,2023_08
2023,8,176.0,0.0,2023_08,168,2023_08
2023,8,177.0,0.0,2023_08,140,2023_08
2023,8,178.0,0.0,2023_08,231,2023_08
2023,8,188.0,0.0,2023_08,269,2023_08
2022,8,2.0,0.0,2022_08,262,2022_08
2022,8,3.0,0.0,2022_08,234,2022_08
2022,8,4.0,0.0,2022_08,261,2022_08
2022,8,10.0,0.0,2022_08,243,2022_08
2022,8,10.0,0.0,2022_08,269,2022_08
2022,8,16.0,0.0,2022_08,260,2022_08
2022,8,16.0,0.0,2022_08,230,2022_08
2022,8,17.0,0.0,2022_08,259,2022_08
2022,8,18.0,0.0,2022_08,233,2022_08
2022,8,19.0,0.0,2022_08,122,2022_08
2022,8,20.0,0.0,2022_08,264,2022_08
2022,8,21.0,0.0,2022_08,266,2022_08
2022,8,22.0,0.0,2022_08,121,2022_08
2022,8,23.0,0.0,2022_08,120,2022_08
2022,8,24.0,0.0,2022_08,265,2022_08
2022,8,25.0,0.0,2022_08,124,2022_08
2022,8,26.0,0.0,2022_08,123,2022_08
2022,8,27.0,0.0,2022_08,249,2022_08
2022,8,28.0,0.0,2022_08,251,2022_08
2022,8,29.0,0.0,2022_08,250,2022_08
2022,8,30.0,0.0,2022_08,199,2022_08
2022,8,31.0,0.0,2022_08,201,2022_08
2022,8,32.0,0.0,2022_08,198,2022_08
2022,8,33.0,0.0,2022_08,200,2022_08
2022,8,35.0,0.0,2022_08,186,2022_08
2022,8,36.0,0.0,2022_08,184,2022_08
2022,8,37.0,0.0,2022_08,185,2022_08
2022,8,38.0,0.0,2022_08,187,2022_08
2022,8,39.0,0.0,2022_08,188,2022_08
2022,8,40.0,0.0,2022_08,248,2022_08
2022,8,41.0,0.0,2022_08,278,2022_08
2022,8,42.0,0.0,2022_08,279,2022_08
2022,8,43.0,0.0,2022_08,207,2022_08
2022,8,44.0,0.0,2022_08,206,2022_08
2022,8,45.0,0.0,2022_08,205,2022_08
2022,8,46.0,0.0,2022_08,239,2022_08
2022,8,47.0,0.0,2022_08,270,2022_08
2022,8,48.0,0.0,2022_08,238,2022_08
2022,8,50.0,0.0,2022_08,150,2022_08
2022,8,51.0,0.0,2022_08,152,2022_08
2022,8,52.0,0.0,2022_08,153,2022_08
2022,8,53.0,0.0,2022_08,151,2022_08
2022,8,54.0,0.0,2022_08,110,2022_08
2022,8,55.0,0.0,2022_08,112,2022_08
2022,8,56.0,0.0,2022_08,114,2022_08
2022,8,57.0,0.0,2022_08,113,2022_08
2022,8,58.0,0.0,2022_08,109,2022_08
2022,8,59.0,0.0,2022_08,111,2022_08
2022,8,60.0,0.0,2022_08,112,2022_08
2022,8,61.0,0.0,2022_08,256,2022_08
2022,8,62.0,0.0,2022_08,163,2022_08
2022,8,63.0,0.0,2022_08,159,2022_08
2022,8,64.0,0.0,2022_08,158,2022_08
2022,8,65.0,0.0,2022_08,160,2022_08
2022,8,66.0,0.0,2022_08,164,2022_08
2022,8,67.0,0.0,2022_08,162,2022_08
2022,8,68.0,0.0,2022_08,161,2022_08
2022,8,69.0,0.0,2022_08,181,2022_08
2022,8,71.0,0.0,2022_08,117,2022_08
2022,8,72.0,0.0,2022_08,119,2022_08
2022,8,73.0,0.0,2022_08,116,2022_08
2022,8,74.0,0.0,2022_08,118,2022_08
2022,8,75.0,0.0,2022_08,115,2022_08
2022,8,76.0,0.0,2022_08,172,2022_08
2022,8,77.0,0.0,2022_08,176,2022_08
2022,8,78.0,0.0,2022_08,173,2022_08
2022,8,79.0,0.0,2022_08,177,2022_08
2022,8,80.0,0.0,2022_08,174,2022_08
2022,8,81.0,0.0,2022_08,175,2022_08
2022,8,82.0,0.0,2022_08,194,2022_08
2022,8,83.0,0.0,2022_08,196,2022_08
2022,8,84.0,0.0,2022_08,195,2022_08
2022,8,85.0,0.0,2022_08,197,2022_08
2022,8,86.0,0.0,2022_08,253,2022_08
2022,8,87.0,0.0,2022_08,252,2022_08
2022,8,88.0,0.0,2022_08,254,2022_08
2022,8,89.0,0.0,2022_08,277,2022_08
2022,8,90.0,0.0,2022_08,169,2022_08
2022,8,91.0,0.0,2022_08,170,2022_08
2022,8,92.0,0.0,2022_08,276,2022_08
2022,8,93.0,0.0,2022_08,171,2022_08
2022,8,94.0,0.0,2022_08,219,2022_08
2022,8,95.0,0.0,2022_08,273,2022_08
2022,8,96.0,0.0,2022_08,219,2022_08
2022,8,97.0,0.0,2022_08,221,2022_08
2022,8,98.0,0.0,2022_08,220,2022_08
2022,8,99.0,0.0,2022_08,211,2022_08
2022,8,100.0,0.0,2022_08,210,2022_08
2022,8,101.0,0.0,2022_08,217,2022_08
2022,8,102.0,0.0,2022_08,208,2022_08
2022,8,103.0,0.0,2022_08,215,2022_08
2022,8,104.0,0.0,2022_08,214,2022_08
2022,8,105.0,0.0,2022_08,213,2022_08
2022,8,106.0,0.0,2022_08,216,2022_08
2022,8,107.0,0.0,2022_08,212,2022_08
2022,8,108.0,0.0,2022_08,272,2022_08
2022,8,109.0,0.0,2022_08,209,2022_08
2022,8,110.0,0.0,2022_08,178,2022_08
2022,8,111.0,0.0,2022_08,275,2022_08
2022,8,112.0,0.0,2022_08,179,2022_08
2022,8,113.0,0.0,2022_08,255,2022_08
2022,8,114.0,0.0,2022_08,189,2022_08
2022,8,115.0,0.0,2022_08,190,2022_08
2022,8,116.0,0.0,2022_08,192,2022_08
2022,8,117.0,0.0,2022_08,191,2022_08
2022,8,118.0,0.0,2022_08,193,2022_08
2022,8,119.0,0.0,2022_08,104,2022_08
2022,8,120.0,0.0,2022_08,103,2022_08
2022,8,121.0,0.0,2022_08,101,2022_08
2022,8,122.0,0.0,2022_08,102,2022_08
2022,8,123.0,0.0,2022_08,105,2022_08
2022,8,124.0,0.0,2022_08,142,2022_08
2022,8,125.0,0.0,2022_08,146,2022_08
2022,8,126.0,0.0,2022_08,147,2022_08
2022,8,127.0,0.0,2022_08,141,2022_08
2022,8,128.0,0.0,2022_08,145,2022_08
2022,8,129.0,0.0,2022_08,143,2022_08
2022,8,130.0,0.0,2022_08,144,2022_08
2022,8,131.0,0.0,2022_08,281,2022_08
2022,8,132.0,0.0,2022_08,271,2022_08
2022,8,133.0,0.0,2022_08,128,2022_08
2022,8,134.0,0.0,2022_08,129,2022_08
2022,8,135.0,0.0,2022_08,126,2022_08
2022,8,136.0,0.0,2022_08,127,2022_08
2022,8,137.0,0.0,2022_08,134,2022_08
2022,8,138.0,0.0,2022_08,136,2022_08
2022,8,139.0,0.0,2022_08,133,2022_08
2022,8,140.0,0.0,2022_08,135,2022_08
2022,8,141.0,0.0,2022_08,132,2022_08
2022,8,142.0,0.0,2022_08,131,2022_08
2022,8,143.0,0.0,2022_08,130,2022_08
2022,8,144.0,0.0,2022_08,226,2022_08
2022,8,145.0,0.0,2022_08,224,2022_08
2022,8,146.0,0.0,2022_08,225,2022_08
2022,8,147.0,0.0,2022_08,228,2022_08
2022,8,148.0,0.0,2022_08,222,2022_08
2022,8,149.0,0.0,2022_08,223,2022_08
2022,8,150.0,0.0,2022_08,227,2022_08
2022,8,151.0,0.0,2022_08,166,2022_08
2022,8,152.0,0.0,2022_08,167,2022_08
2022,8,153.0,0.0,2022_08,168,2022_08
2022,8,154.0,0.0,2022_08,165,2022_08
2022,8,155.0,0.0,2022_08,137,2022_08
2022,8,156.0,0.0,2022_08,139,2022_08
2022,8,157.0,0.0,2022_08,138,2022_08
2022,8,158.0,0.0,2022_08,140,2022_08
2022,8,159.0,0.0,2022_08,137,2022_08
2022,8,160.0,0.0,2022_08,257,2022_08
2022,8,161.0,0.0,2022_08,256,2022_08
2022,8,162.0,0.0,2022_08,156,2022_08
2022,8,163.0,0.0,2022_08,155,2022_08
2022,8,164.0,0.0,2022_08,157,2022_08
2022,8,165.0,0.0,2022_08,154,2022_08
2022,8,166.0,0.0,2022_08,247,2022_08
2022,8,167.0,0.0,2022_08,246,2022_08
2022,8,168.0,0.0,2022_08,245,2022_08
2022,8,169.0,0.0,2022_08,241,2022_08
2022,8,170.0,0.0,2022_08,268,2022_08
2022,8,173.0,0.0,2022_08,280,2022_08
2022,8,174.0,0.0,2022_08,202,2022_08
2022,8,175.0,0.0,2022_08,279,2022_08
2022,8,176.0,0.0,2022_08,168,2022_08
2022,8,177.0,0.0,2022_08,140,2022_08
2022,8,178.0,0.0,2022_08,231,2022_08
2022,6,2.0,0.0,2022_06,262,2022_06
2022,6,3.0,0.0,2022_06,234,2022_06
2022,6,4.0,0.0,2022_06,261,2022_06
2022,6,10.0,0.0,2022_06,243,2022_06
2022,6,10.0,0.0,2022_06,269,2022_06
2022,6,16.0,0.0,2022_06,260,2022_06
2022,6,16.0,0.0,2022_06,230,2022_06
2022,6,17.0,0.0,2022_06,259,2022_06
2022,6,18.0,0.0,2022_06,233,2022_06
2022,6,19.0,0.0,2022_06,122,2022_06
2022,6,20.0,0.0,2022_06,264,2022_06
2022,6,21.0,0.0,2022_06,266,2022_06
2022,6,22.0,0.0,2022_06,121,2022_06
2022,6,23.0,0.0,2022_06,120,2022_06
2022,6,24.0,0.0,2022_06,265,2022_06
2022,6,25.0,0.0,2022_06,124,2022_06
2022,6,26.0,0.0,2022_06,123,2022_06
2022,6,27.0,0.0,2022_06,249,2022_06
2022,6,28.0,0.0,2022_06,251,2022_06
2022,6,29.0,0.0,2022_06,250,2022_06
2022,6,30.0,0.0,2022_06,199,2022_06
2022,6,31.0,0.0,2022_06,201,2022_06
2022,6,32.0,0.0,2022_06,198,2022_06
2022,6,33.0,0.0,2022_06,200,2022_06
2022,6,35.0,0.0,2022_06,186,2022_06
2022,6,36.0,0.0,2022_06,184,2022_06
2022,6,37.0,0.0,2022_06,185,2022_06
2022,6,38.0,0.0,2022_06,187,2022_06
2022,6,39.0,0.0,2022_06,188,2022_06
2022,6,40.0,0.0,2022_06,248,2022_06
2022,6,41.0,0.0,2022_06,278,2022_06
2022,6,42.0,0.0,2022_06,279,2022_06
2022,6,43.0,0.0,2022_06,207,2022_06
2022,6,44.0,0.0,2022_06,206,2022_06
2022,6,45.0,0.0,2022_06,205,2022_06
2022,6,46.0,0.0,2022_06,239,2022_06
2022,6,47.0,0.0,2022_06,270,2022_06
2022,6,48.0,0.0,2022_06,238,2022_06
2022,6,50.0,0.0,2022_06,150,2022_06
2022,6,51.0,0.0,2022_06,152,2022_06
2022,6,52.0,0.0,2022_06,153,2022_06
2022,6,53.0,0.0,2022_06,151,2022_06
2022,6,54.0,0.0,2022_06,110,2022_06
2022,6,55.0,0.0,2022_06,112,2022_06
2022,6,56.0,0.0,2022_06,114,2022_06
2022,6,57.0,0.0,2022_06,113,2022_06
2022,6,58.0,0.0,2022_06,109,2022_06
2022,6,59.0,0.0,2022_06,111,2022_06
2022,6,60.0,0.0,2022_06,112,2022_06
2022,6,61.0,0.0,2022_06,256,2022_06
2022,6,62.0,0.0,2022_06,163,2022_06
2022,6,63.0,0.0,2022_06,159,2022_06
2022,6,64.0,0.0,2022_06,158,2022_06
2022,6,65.0,0.0,2022_06,160,2022_06
2022,6,66.0,0.0,2022_06,164,2022_06
2022,6,67.0,0.0,2022_06,162,2022_06
2022,6,68.0,0.0,2022_06,161,2022_06
2022,6,69.0,0.0,2022_06,181,2022_06
2022,6,71.0,0.0,2022_06,117,2022_06
2022,6,72.0,0.0,2022_06,119,2022_06
2022,6,73.0,0.0,2022_06,116,2022_06
2022,6,74.0,0.0,2022_06,118,2022_06
2022,6,75.0,0.0,2022_06,115,2022_06
2022,6,76.0,0.0,2022_06,172,2022_06
2022,6,77.0,0.0,2022_06,176,2022_06
2022,6,78.0,0.0,2022_06,173,2022_06
2022,6,79.0,0.0,2022_06,177,2022_06
2022,6,80.0,0.0,2022_06,174,2022_06
2022,6,81.0,0.0,2022_06,175,2022_06
2022,6,82.0,0.0,2022_06,194,2022_06
2022,6,83.0,0.0,2022_06,196,2022_06
2022,6,84.0,0.0,2022_06,195,2022_06
2022,6,85.0,0.0,2022_06,197,2022_06
2022,6,86.0,0.0,2022_06,253,2022_06
2022,6,87.0,0.0,2022_06,252,2022_06
2022,6,88.0,0.0,2022_06,254,2022_06
2022,6,89.0,0.0,2022_06,277,2022_06
2022,6,90.0,0.0,2022_06,169,2022_06
2022,6,91.0,0.0,2022_06,170,2022_06
2022,6,92.0,0.0,2022_06,276,2022_06
2022,6,93.0,0.0,2022_06,171,2022_06
2022,6,94.0,0.0,2022_06,219,2022_06
2022,6,95.0,0.0,2022_06,273,2022_06
2022,6,96.0,0.0,2022_06,219,2022_06
2022,6,97.0,0.0,2022_06,221,2022_06
2022,6,98.0,0.0,2022_06,220,2022_06
2022,6,99.0,0.0,2022_06,211,2022_06
2022,6,100.0,0.0,2022_06,210,2022_06
2022,6,101.0,0.0,2022_06,217,2022_06
2022,6,102.0,0.0,2022_06,208,2022_06
2022,6,103.0,0.0,2022_06,215,2022_06
2022,6,104.0,0.0,2022_06,214,2022_06
2022,6,105.0,0.0,2022_06,213,2022_06
2022,6,106.0,0.0,2022_06,216,2022_06
2022,6,107.0,0.0,2022_06,212,2022_06
2022,6,108.0,0.0,2022_06,272,2022_06
2022,6,109.0,0.0,2022_06,209,2022_06
2022,6,110.0,0.0,2022_06,178,2022_06
2022,6,111.0,0.0,2022_06,275,2022_06
2022,6,112.0,0.0,2022_06,179,2022_06
2022,6,113.0,0.0,2022_06,255,2022_06
2022,6,114.0,0.0,2022_06,189,2022_06
2022,6,115.0,0.0,2022_06,190,2022_06
2022,6,116.0,0.0,2022_06,192,2022_06
2022,6,117.0,0.0,2022_06,191,2022_06
2022,6,118.0,0.0,2022_06,193,2022_06
2022,6,119.0,0.0,2022_06,104,2022_06
2022,6,120.0,0.0,2022_06,103,2022_06
2022,6,121.0,0.0,2022_06,101,2022_06
2022,6,122.0,0.0,2022_06,102,2022_06
2022,6,123.0,0.0,2022_06,105,2022_06
2022,6,124.0,0.0,2022_06,142,2022_06
2022,6,125.0,0.0,2022_06,146,2022_06
2022,6,126.0,0.0,2022_06,147,2022_06
2022,6,127.0,0.0,2022_06,141,2022_06
2022,6,128.0,0.0,2022_06,145,2022_06
2022,6,129.0,0.0,2022_06,143,2022_06
2022,6,130.0,0.0,2022_06,144,2022_06
2022,6,131.0,0.0,2022_06,281,2022_06
2022,6,132.0,0.0,2022_06,271,2022_06
2022,6,133.0,0.0,2022_06,128,2022_06
2022,6,134.0,0.0,2022_06,129,2022_06
2022,6,135.0,0.0,2022_06,126,2022_06
2022,6,136.0,0.0,2022_06,127,2022_06
2022,6,137.0,0.0,2022_06,134,2022_06
2022,6,138.0,0.0,2022_06,136,2022_06
2022,6,139.0,0.0,2022_06,133,2022_06
2022,6,140.0,0.0,2022_06,135,2022_06
2022,6,141.0,0.0,2022_06,132,2022_06
2022,6,142.0,0.0,2022_06,131,2022_06
2022,6,143.0,0.0,2022_06,130,2022_06
2022,6,144.0,0.0,2022_06,226,2022_06
2022,6,145.0,0.0,2022_06,224,2022_06
2022,6,146.0,0.0,2022_06,225,2022_06
2022,6,147.0,0.0,2022_06,228,2022_06
2022,6,148.0,0.0,2022_06,222,2022_06
2022,6,149.0,0.0,2022_06,223,2022_06
2022,6,150.0,0.0,2022_06,227,2022_06
2022,6,151.0,0.0,2022_06,166,2022_06
2022,6,152.0,0.0,2022_06,167,2022_06
2022,6,153.0,0.0,2022_06,168,2022_06
2022,6,154.0,0.0,2022_06,165,2022_06
2022,6,155.0,0.0,2022_06,137,2022_06
2022,6,156.0,0.0,2022_06,139,2022_06
2022,6,157.0,0.0,2022_06,138,2022_06
2022,6,158.0,0.0,2022_06,140,2022_06
2022,6,159.0,0.0,2022_06,137,2022_06
2022,6,160.0,0.0,2022_06,257,2022_06
2022,6,161.0,0.0,2022_06,256,2022_06
2022,6,162.0,0.0,2022_06,156,2022_06
2022,6,163.0,0.0,2022_06,155,2022_06
2022,6,164.0,0.0,2022_06,157,2022_06
2022,6,165.0,0.0,2022_06,154,2022_06
2022,6,166.0,0.0,2022_06,247,2022_06
2022,6,167.0,0.0,2022_06,246,2022_06
2022,6,168.0,0.0,2022_06,245,2022_06
2022,6,169.0,0.0,2022_06,241,2022_06
2022,6,170.0,0.0,2022_06,268,2022_06
2022,6,173.0,0.0,2022_06,280,2022_06
2022,6,174.0,0.0,2022_06,202,2022_06
2022,6,175.0,0.0,2022_06,279,2022_06
2022,6,176.0,0.0,2022_06,168,2022_06
2022,6,177.0,0.0,2022_06,140,2022_06
2022,6,178.0,0.0,2022_06,231,2022_06
2022,12,39.0,0.0,2022_12,188,2022_12
2023,7,2.0,0.0,2023_07,262,2023_07
2023,7,3.0,0.0,2023_07,234,2023_07
2023,7,4.0,0.0,2023_07,261,2023_07
2023,7,10.0,0.0,2023_07,243,2023_07
2023,7,10.0,0.0,2023_07,269,2023_07
2023,7,16.0,0.0,2023_07,260,2023_07
2023,7,16.0,0.0,2023_07,230,2023_07
2023,7,17.0,0.0,2023_07,259,2023_07
2023,7,18.0,0.0,2023_07,233,2023_07
2023,7,19.0,0.0,2023_07,122,2023_07
2023,7,20.0,0.0,2023_07,264,2023_07
2023,7,21.0,0.0,2023_07,266,2023_07
2023,7,22.0,0.0,2023_07,121,2023_07
2023,7,23.0,0.0,2023_07,120,2023_07
2023,7,24.0,0.0,2023_07,265,2023_07
2023,7,25.0,0.0,2023_07,124,2023_07
2023,7,26.0,0.0,2023_07,123,2023_07
2023,7,27.0,0.0,2023_07,249,2023_07
2023,7,28.0,0.0,2023_07,251,2023_07
2023,7,29.0,0.0,2023_07,250,2023_07
2023,7,30.0,0.0,2023_07,199,2023_07
2023,7,31.0,0.0,2023_07,201,2023_07
2023,7,32.0,0.0,2023_07,198,2023_07
2023,7,33.0,0.0,2023_07,200,2023_07
2023,7,35.0,0.0,2023_07,186,2023_07
2023,7,36.0,0.0,2023_07,184,2023_07
2023,7,37.0,0.0,2023_07,185,2023_07
2023,7,38.0,0.0,2023_07,187,2023_07
2023,7,39.0,0.0,2023_07,188,2023_07
2023,7,40.0,0.0,2023_07,248,2023_07
2023,7,41.0,0.0,2023_07,278,2023_07
2023,7,42.0,0.0,2023_07,279,2023_07
2023,7,43.0,0.0,2023_07,207,2023_07
2023,7,44.0,0.0,2023_07,206,2023_07
2023,7,45.0,0.0,2023_07,205,2023_07
2023,7,46.0,0.0,2023_07,239,2023_07
2023,7,47.0,0.0,2023_07,270,2023_07
2023,7,48.0,0.0,2023_07,238,2023_07
2023,7,50.0,0.0,2023_07,150,2023_07
2023,7,51.0,0.0,2023_07,152,2023_07
2023,7,52.0,0.0,2023_07,153,2023_07
2023,7,53.0,0.0,2023_07,151,2023_07
2023,7,54.0,0.0,2023_07,110,2023_07
2023,7,55.0,0.0,2023_07,112,2023_07
2023,7,56.0,0.0,2023_07,114,2023_07
2023,7,57.0,0.0,2023_07,113,2023_07
2023,7,58.0,0.0,2023_07,109,2023_07
2023,7,59.0,0.0,2023_07,111,2023_07
2023,7,60.0,0.0,2023_07,112,2023_07
2023,7,61.0,0.0,2023_07,256,2023_07
2023,7,62.0,0.0,2023_07,163,2023_07
2023,7,63.0,0.0,2023_07,159,2023_07
2023,7,64.0,0.0,2023_07,158,2023_07
2023,7,65.0,0.0,2023_07,160,2023_07
2023,7,66.0,0.0,2023_07,164,2023_07
2023,7,67.0,0.0,2023_07,162,2023_07
2023,7,68.0,0.0,2023_07,161,2023_07
2023,7,69.0,0.0,2023_07,181,2023_07
2023,7,71.0,0.0,2023_07,117,2023_07
2023,7,72.0,0.0,2023_07,119,2023_07
2023,7,73.0,0.0,2023_07,116,2023_07
2023,7,74.0,0.0,2023_07,118,2023_07
2023,7,75.0,0.0,2023_07,115,2023_07
2023,7,76.0,0.0,2023_07,172,2023_07
2023,7,77.0,0.0,2023_07,176,2023_07
2023,7,78.0,0.0,2023_07,173,2023_07
2023,7,79.0,0.0,2023_07,177,2023_07
2023,7,80.0,0.0,2023_07,174,2023_07
2023,7,81.0,0.0,2023_07,175,2023_07
2023,7,82.0,0.0,2023_07,194,2023_07
2023,7,83.0,0.0,2023_07,196,2023_07
2023,7,84.0,0.0,2023_07,195,2023_07
2023,7,85.0,0.0,2023_07,197,2023_07
2023,7,86.0,0.0,2023_07,253,2023_07
2023,7,87.0,0.0,2023_07,252,2023_07
2023,7,88.0,0.0,2023_07,254,2023_07
2023,7,89.0,0.0,2023_07,277,2023_07
2023,7,90.0,0.0,2023_07,169,2023_07
2023,7,91.0,0.0,2023_07,170,2023_07
2023,7,92.0,0.0,2023_07,276,2023_07
2023,7,93.0,0.0,2023_07,171,2023_07
2023,7,94.0,0.0,2023_07,219,2023_07
2023,7,95.0,0.0,2023_07,273,2023_07
2023,7,96.0,0.0,2023_07,219,2023_07
2023,7,97.0,0.0,2023_07,221,2023_07
2023,7,98.0,0.0,2023_07,220,2023_07
2023,7,99.0,0.0,2023_07,211,2023_07
2023,7,100.0,0.0,2023_07,210,2023_07
2023,7,101.0,0.0,2023_07,217,2023_07
2023,7,102.0,0.0,2023_07,208,2023_07
2023,7,103.0,0.0,2023_07,215,2023_07
2023,7,104.0,0.0,2023_07,214,2023_07
2023,7,105.0,0.0,2023_07,213,2023_07
2023,7,106.0,0.0,2023_07,216,2023_07
2023,7,107.0,0.0,2023_07,212,2023_07
2023,7,108.0,0.0,2023_07,272,2023_07
2023,7,109.0,0.0,2023_07,209,2023_07
2023,7,110.0,0.0,2023_07,178,2023_07
2023,7,111.0,0.0,2023_07,275,2023_07
2023,7,112.0,0.0,2023_07,179,2023_07
2023,7,113.0,0.0,2023_07,255,2023_07
2023,7,114.0,0.0,2023_07,189,2023_07
2023,7,115.0,0.0,2023_07,190,2023_07
2023,7,116.0,0.0,2023_07,192,2023_07
2023,7,117.0,0.0,2023_07,191,2023_07
2023,7,118.0,0.0,2023_07,193,2023_07
2023,7,119.0,0.0,2023_07,104,2023_07
2023,7,120.0,0.0,2023_07,103,2023_07
2023,7,121.0,0.0,2023_07,101,2023_07
2023,7,122.0,0.0,2023_07,102,2023_07
2023,7,123.0,0.0,2023_07,105,2023_07
2023,7,124.0,0.0,2023_07,142,2023_07
2023,7,125.0,0.0,2023_07,146,2023_07
2023,7,126.0,0.0,2023_07,147,2023_07
2023,7,127.0,0.0,2023_07,141,2023_07
2023,7,128.0,0.0,2023_07,145,2023_07
2023,7,129.0,0.0,2023_07,143,2023_07
2023,7,130.0,0.0,2023_07,144,2023_07
2023,7,131.0,0.0,2023_07,281,2023_07
2023,7,132.0,0.0,2023_07,271,2023_07
2023,7,133.0,0.0,2023_07,128,2023_07
2023,7,134.0,0.0,2023_07,129,2023_07
2023,7,135.0,0.0,2023_07,126,2023_07
2023,7,136.0,0.0,2023_07,127,2023_07
2023,7,137.0,0.0,2023_07,134,2023_07
2023,7,138.0,0.0,2023_07,136,2023_07
2023,7,139.0,0.0,2023_07,133,2023_07
2023,7,140.0,0.0,2023_07,135,2023_07
2023,7,141.0,0.0,2023_07,132,2023_07
2023,7,142.0,0.0,2023_07,131,2023_07
2023,7,143.0,0.0,2023_07,130,2023_07
2023,7,144.0,0.0,2023_07,226,2023_07
2023,7,145.0,0.0,2023_07,224,2023_07
2023,7,146.0,0.0,2023_07,225,2023_07
2023,7,147.0,0.0,2023_07,228,2023_07
2023,7,148.0,0.0,2023_07,222,2023_07
2023,7,149.0,0.0,2023_07,223,2023_07
2023,7,150.0,0.0,2023_07,227,2023_07
2023,7,151.0,0.0,2023_07,166,2023_07
2023,7,152.0,0.0,2023_07,167,2023_07
2023,7,153.0,0.0,2023_07,168,2023_07
2023,7,154.0,0.0,2023_07,165,2023_07
2023,7,155.0,0.0,2023_07,137,2023_07
2023,7,156.0,0.0,2023_07,139,2023_07
2023,7,157.0,0.0,2023_07,138,2023_07
2023,7,158.0,0.0,2023_07,140,2023_07
2023,7,159.0,0.0,2023_07,137,2023_07
2023,7,160.0,0.0,2023_07,257,2023_07
2023,7,161.0,0.0,2023_07,256,2023_07
2023,7,162.0,0.0,2023_07,156,2023_07
2023,7,163.0,0.0,2023_07,155,2023_07
2023,7,164.0,0.0,2023_07,157,2023_07
2023,7,165.0,0.0,2023_07,154,2023_07
2023,7,166.0,0.0,2023_07,247,2023_07
2023,7,167.0,0.0,2023_07,246,2023_07
2023,7,168.0,0.0,2023_07,245,2023_07
2023,7,169.0,0.0,2023_07,241,2023_07
2023,7,170.0,0.0,2023_07,268,2023_07
2023,7,173.0,0.0,2023_07,280,2023_07
2023,7,174.0,0.0,2023_07,202,2023_07
2023,7,175.0,0.0,2023_07,279,2023_07
2023,7,176.0,0.0,2023_07,168,2023_07
2023,7,177.0,0.0,2023_07,140,2023_07
2023,7,178.0,0.0,2023_07,231,2023_07
2023,7,188.0,0.0,2023_07,269,2023_07
2021,6,2.0,0.0,2021_06,262,2021_06
2021,6,3.0,0.0,2021_06,234,2021_06
2021,6,4.0,0.0,2021_06,261,2021_06
2021,6,10.0,0.0,2021_06,243,2021_06
2021,6,10.0,0.0,2021_06,269,2021_06
2021,6,16.0,0.0,2021_06,260,2021_06
2021,6,16.0,0.0,2021_06,230,2021_06
2021,6,17.0,0.0,2021_06,259,2021_06
2021,6,18.0,0.0,2021_06,233,2021_06
2021,6,19.0,0.0,2021_06,122,2021_06
2021,6,20.0,0.0,2021_06,264,2021_06
2021,6,21.0,0.0,2021_06,266,2021_06
2021,6,22.0,0.0,2021_06,121,2021_06
2021,6,23.0,0.0,2021_06,120,2021_06
2021,6,24.0,0.0,2021_06,265,2021_06
2021,6,25.0,0.0,2021_06,124,2021_06
2021,6,26.0,0.0,2021_06,123,2021_06
2021,6,27.0,0.0,2021_06,249,2021_06
2021,6,28.0,0.0,2021_06,251,2021_06
2021,6,29.0,0.0,2021_06,250,2021_06
2021,6,30.0,0.0,2021_06,199,2021_06
2021,6,31.0,0.0,2021_06,201,2021_06
2021,6,32.0,0.0,2021_06,198,2021_06
2021,6,33.0,0.0,2021_06,200,2021_06
2021,6,35.0,0.0,2021_06,186,2021_06
2021,6,36.0,0.0,2021_06,184,2021_06
2021,6,37.0,0.0,2021_06,185,2021_06
2021,6,38.0,0.0,2021_06,187,2021_06
2021,6,39.0,0.0,2021_06,188,2021_06
2021,6,40.0,0.0,2021_06,248,2021_06
2021,6,41.0,0.0,2021_06,278,2021_06
2021,6,42.0,0.0,2021_06,279,2021_06
2021,6,43.0,0.0,2021_06,207,2021_06
2021,6,44.0,0.0,2021_06,206,2021_06
2021,6,45.0,0.0,2021_06,205,2021_06
2021,6,46.0,0.0,2021_06,239,2021_06
2021,6,47.0,0.0,2021_06,270,2021_06
2021,6,48.0,0.0,2021_06,238,2021_06
2021,6,50.0,0.0,2021_06,150,2021_06
2021,6,51.0,0.0,2021_06,152,2021_06
2021,6,52.0,0.0,2021_06,153,2021_06
2021,6,53.0,0.0,2021_06,151,2021_06
2021,6,54.0,0.0,2021_06,110,2021_06
2021,6,55.0,0.0,2021_06,112,2021_06
2021,6,56.0,0.0,2021_06,114,2021_06
2021,6,57.0,0.0,2021_06,113,2021_06
2021,6,58.0,0.0,2021_06,109,2021_06
2021,6,59.0,0.0,2021_06,111,2021_06
2021,6,60.0,0.0,2021_06,112,2021_06
2021,6,61.0,0.0,2021_06,256,2021_06
2021,6,62.0,0.0,2021_06,163,2021_06
2021,6,63.0,0.0,2021_06,159,2021_06
2021,6,64.0,0.0,2021_06,158,2021_06
2021,6,65.0,0.0,2021_06,160,2021_06
2021,6,66.0,0.0,2021_06,164,2021_06
2021,6,67.0,0.0,2021_06,162,2021_06
2021,6,68.0,0.0,2021_06,161,2021_06
2021,6,69.0,0.0,2021_06,181,2021_06
2021,6,71.0,0.0,2021_06,117,2021_06
2021,6,72.0,0.0,2021_06,119,2021_06
2021,6,73.0,0.0,2021_06,116,2021_06
2021,6,74.0,0.0,2021_06,118,2021_06
2021,6,75.0,0.0,2021_06,115,2021_06
2021,6,76.0,0.0,2021_06,172,2021_06
2021,6,77.0,0.0,2021_06,176,2021_06
2021,6,78.0,0.0,2021_06,173,2021_06
2021,6,79.0,0.0,2021_06,177,2021_06
2021,6,80.0,0.0,2021_06,174,2021_06
2021,6,81.0,0.0,2021_06,175,2021_06
2021,6,82.0,0.0,2021_06,194,2021_06
2021,6,83.0,0.0,2021_06,196,2021_06
2021,6,84.0,0.0,2021_06,195,2021_06
2021,6,85.0,0.0,2021_06,197,2021_06
2021,6,86.0,0.0,2021_06,253,2021_06
2021,6,87.0,0.0,2021_06,252,2021_06
2021,6,88.0,0.0,2021_06,254,2021_06
2021,6,89.0,0.0,2021_06,277,2021_06
2021,6,90.0,0.0,2021_06,169,2021_06
2021,6,91.0,0.0,2021_06,170,2021_06
2021,6,92.0,0.0,2021_06,276,2021_06
2021,6,93.0,0.0,2021_06,171,2021_06
2021,6,94.0,0.0,2021_06,219,2021_06
2021,6,95.0,0.0,2021_06,273,2021_06
2021,6,96.0,0.0,2021_06,219,2021_06
2021,6,97.0,0.0,2021_06,221,2021_06
2021,6,98.0,0.0,2021_06,220,2021_06
2021,6,99.0,0.0,2021_06,211,2021_06
2021,6,100.0,0.0,2021_06,210,2021_06
2021,6,101.0,0.0,2021_06,217,2021_06
2021,6,102.0,0.0,2021_06,208,2021_06
2021,6,103.0,0.0,2021_06,215,2021_06
2021,6,104.0,0.0,2021_06,214,2021_06
2021,6,105.0,0.0,2021_06,213,2021_06
2021,6,106.0,0.0,2021_06,216,2021_06
2021,6,107.0,0.0,2021_06,212,2021_06
2021,6,108.0,0.0,2021_06,272,2021_06
2021,6,109.0,0.0,2021_06,209,2021_06
2021,6,110.0,0.0,2021_06,178,2021_06
2021,6,111.0,0.0,2021_06,275,2021_06
2021,6,112.0,0.0,2021_06,179,2021_06
2021,6,113.0,0.0,2021_06,255,2021_06
2021,6,114.0,0.0,2021_06,189,2021_06
2021,6,115.0,0.0,2021_06,190,2021_06
2021,6,116.0,0.0,2021_06,192,2021_06
2021,6,117.0,0.0,2021_06,191,2021_06
2021,6,118.0,0.0,2021_06,193,2021_06
2021,6,119.0,0.0,2021_06,104,2021_06
2021,6,120.0,0.0,2021_06,103,2021_06
2021,6,121.0,0.0,2021_06,101,2021_06
2021,6,122.0,0.0,2021_06,102,2021_06
2021,6,123.0,0.0,2021_06,105,2021_06
2021,6,124.0,0.0,2021_06,142,2021_06
2021,6,125.0,0.0,2021_06,146,2021_06
2021,6,126.0,0.0,2021_06,147,2021_06
2021,6,127.0,0.0,2021_06,141,2021_06
2021,6,128.0,0.0,2021_06,145,2021_06
2021,6,129.0,0.0,2021_06,143,2021_06
2021,6,130.0,0.0,2021_06,144,2021_06
2021,6,131.0,0.0,2021_06,281,2021_06
2021,6,132.0,0.0,2021_06,271,2021_06
2021,6,133.0,0.0,2021_06,128,2021_06
2021,6,134.0,0.0,2021_06,129,2021_06
2021,6,135.0,0.0,2021_06,126,2021_06
2021,6,136.0,0.0,2021_06,127,2021_06
2021,6,137.0,0.0,2021_06,134,2021_06
2021,6,138.0,0.0,2021_06,136,2021_06
2021,6,139.0,0.0,2021_06,133,2021_06
2021,6,140.0,0.0,2021_06,135,2021_06
2021,6,141.0,0.0,2021_06,132,2021_06
2021,6,142.0,0.0,2021_06,131,2021_06
2021,6,143.0,0.0,2021_06,130,2021_06
2021,6,144.0,0.0,2021_06,226,2021_06
2021,6,145.0,0.0,2021_06,224,2021_06
2021,6,146.0,0.0,2021_06,225,2021_06
2021,6,147.0,0.0,2021_06,228,2021_06
2021,6,148.0,0.0,2021_06,222,2021_06
2021,6,149.0,0.0,2021_06,223,2021_06
2021,6,150.0,0.0,2021_06,227,2021_06
2021,6,151.0,0.0,2021_06,166,2021_06
2021,6,152.0,0.0,2021_06,167,2021_06
2021,6,153.0,0.0,2021_06,168,2021_06
2021,6,154.0,0.0,2021_06,165,2021_06
2021,6,155.0,0.0,2021_06,137,2021_06
2021,6,156.0,0.0,2021_06,139,2021_06
2021,6,157.0,0.0,2021_06,138,2021_06
2021,6,158.0,0.0,2021_06,140,2021_06
2021,6,159.0,0.0,2021_06,137,2021_06
2021,6,160.0,0.0,2021_06,257,2021_06
2021,6,161.0,0.0,2021_06,256,2021_06
2021,6,162.0,0.0,2021_06,156,2021_06
2021,6,163.0,0.0,2021_06,155,2021_06
2021,6,164.0,0.0,2021_06,157,2021_06
2021,6,165.0,0.0,2021_06,154,2021_06
2021,6,166.0,0.0,2021_06,247,2021_06
2021,6,167.0,0.0,2021_06,246,2021_06
2021,6,168.0,0.0,2021_06,245,2021_06
2021,6,169.0,0.0,2021_06,241,2021_06
2021,6,170.0,0.0,2021_06,268,2021_06
2021,6,173.0,0.0,2021_06,280,2021_06
2021,6,174.0,0.0,2021_06,202,2021_06
2021,6,175.0,0.0,2021_06,279,2021_06
2021,6,176.0,0.0,2021_06,168,2021_06
2021,6,177.0,0.0,2021_06,140,2021_06
2021,6,178.0,0.0,2021_06,231,2021_06
2022,7,2.0,0.0,2022_07,262,2022_07
2022,7,3.0,0.0,2022_07,234,2022_07
2022,7,4.0,0.0,2022_07,261,2022_07
2022,7,10.0,0.0,2022_07,243,2022_07
2022,7,10.0,0.0,2022_07,269,2022_07
2022,7,16.0,0.0,2022_07,260,2022_07
2022,7,16.0,0.0,2022_07,230,2022_07
2022,7,17.0,0.0,2022_07,259,2022_07
2022,7,18.0,0.0,2022_07,233,2022_07
2022,7,19.0,0.0,2022_07,122,2022_07
2022,7,20.0,0.0,2022_07,264,2022_07
2022,7,21.0,0.0,2022_07,266,2022_07
2022,7,22.0,0.0,2022_07,121,2022_07
2022,7,23.0,0.0,2022_07,120,2022_07
2022,7,24.0,0.0,2022_07,265,2022_07
2022,7,25.0,0.0,2022_07,124,2022_07
2022,7,26.0,0.0,2022_07,123,2022_07
2022,7,27.0,0.0,2022_07,249,2022_07
2022,7,28.0,0.0,2022_07,251,2022_07
2022,7,29.0,0.0,2022_07,250,2022_07
2022,7,30.0,0.0,2022_07,199,2022_07
2022,7,31.0,0.0,2022_07,201,2022_07
2022,7,32.0,0.0,2022_07,198,2022_07
2022,7,33.0,0.0,2022_07,200,2022_07
2022,7,35.0,0.0,2022_07,186,2022_07
2022,7,36.0,0.0,2022_07,184,2022_07
2022,7,37.0,0.0,2022_07,185,2022_07
2022,7,38.0,0.0,2022_07,187,2022_07
2022,7,39.0,0.0,2022_07,188,2022_07
2022,7,40.0,0.0,2022_07,248,2022_07
2022,7,41.0,0.0,2022_07,278,2022_07
2022,7,42.0,0.0,2022_07,279,2022_07
2022,7,43.0,0.0,2022_07,207,2022_07
2022,7,44.0,0.0,2022_07,206,2022_07
2022,7,45.0,0.0,2022_07,205,2022_07
2022,7,46.0,0.0,2022_07,239,2022_07
2022,7,47.0,0.0,2022_07,270,2022_07
2022,7,48.0,0.0,2022_07,238,2022_07
2022,7,50.0,0.0,2022_07,150,2022_07
2022,7,51.0,0.0,2022_07,152,2022_07
2022,7,52.0,0.0,2022_07,153,2022_07
2022,7,53.0,0.0,2022_07,151,2022_07
2022,7,54.0,0.0,2022_07,110,2022_07
2022,7,55.0,0.0,2022_07,112,2022_07
2022,7,56.0,0.0,2022_07,114,2022_07
2022,7,57.0,0.0,2022_07,113,2022_07
2022,7,58.0,0.0,2022_07,109,2022_07
2022,7,59.0,0.0,2022_07,111,2022_07
2022,7,60.0,0.0,2022_07,112,2022_07
2022,7,61.0,0.0,2022_07,256,2022_07
2022,7,62.0,0.0,2022_07,163,2022_07
2022,7,63.0,0.0,2022_07,159,2022_07
2022,7,64.0,0.0,2022_07,158,2022_07
2022,7,65.0,0.0,2022_07,160,2022_07
2022,7,66.0,0.0,2022_07,164,2022_07
2022,7,67.0,0.0,2022_07,162,2022_07
2022,7,68.0,0.0,2022_07,161,2022_07
2022,7,69.0,0.0,2022_07,181,2022_07
2022,7,71.0,0.0,2022_07,117,2022_07
2022,7,72.0,0.0,2022_07,119,2022_07
2022,7,73.0,0.0,2022_07,116,2022_07
2022,7,74.0,0.0,2022_07,118,2022_07
2022,7,75.0,0.0,2022_07,115,2022_07
2022,7,76.0,0.0,2022_07,172,2022_07
2022,7,77.0,0.0,2022_07,176,2022_07
2022,7,78.0,0.0,2022_07,173,2022_07
2022,7,79.0,0.0,2022_07,177,2022_07
2022,7,80.0,0.0,2022_07,174,2022_07
2022,7,81.0,0.0,2022_07,175,2022_07
2022,7,82.0,0.0,2022_07,194,2022_07
2022,7,83.0,0.0,2022_07,196,2022_07
2022,7,84.0,0.0,2022_07,195,2022_07
2022,7,85.0,0.0,2022_07,197,2022_07
2022,7,86.0,0.0,2022_07,253,2022_07
2022,7,87.0,0.0,2022_07,252,2022_07
2022,7,88.0,0.0,2022_07,254,2022_07
2022,7,89.0,0.0,2022_07,277,2022_07
2022,7,90.0,0.0,2022_07,169,2022_07
2022,7,91.0,0.0,2022_07,170,2022_07
2022,7,92.0,0.0,2022_07,276,2022_07
2022,7,93.0,0.0,2022_07,171,2022_07
2022,7,94.0,0.0,2022_07,219,2022_07
2022,7,95.0,0.0,2022_07,273,2022_07
2022,7,96.0,0.0,2022_07,219,2022_07
2022,7,97.0,0.0,2022_07,221,2022_07
2022,7,98.0,0.0,2022_07,220,2022_07
2022,7,99.0,0.0,2022_07,211,2022_07
2022,7,100.0,0.0,2022_07,210,2022_07
2022,7,101.0,0.0,2022_07,217,2022_07
2022,7,102.0,0.0,2022_07,208,2022_07
2022,7,103.0,0.0,2022_07,215,2022_07
2022,7,104.0,0.0,2022_07,214,2022_07
2022,7,105.0,0.0,2022_07,213,2022_07
2022,7,106.0,0.0,2022_07,216,2022_07
2022,7,107.0,0.0,2022_07,212,2022_07
2022,7,108.0,0.0,2022_07,272,2022_07
2022,7,109.0,0.0,2022_07,209,2022_07
2022,7,110.0,0.0,2022_07,178,2022_07
2022,7,111.0,0.0,2022_07,275,2022_07
2022,7,112.0,0.0,2022_07,179,2022_07
2022,7,113.0,0.0,2022_07,255,2022_07
2022,7,114.0,0.0,2022_07,189,2022_07
2022,7,115.0,0.0,2022_07,190,2022_07
2022,7,116.0,0.0,2022_07,192,2022_07
2022,7,117.0,0.0,2022_07,191,2022_07
2022,7,118.0,0.0,2022_07,193,2022_07
2022,7,119.0,0.0,2022_07,104,2022_07
2022,7,120.0,0.0,2022_07,103,2022_07
2022,7,121.0,0.0,2022_07,101,2022_07
2022,7,122.0,0.0,2022_07,102,2022_07
2022,7,123.0,0.0,2022_07,105,2022_07
2022,7,124.0,0.0,2022_07,142,2022_07
2022,7,125.0,0.0,2022_07,146,2022_07
2022,7,126.0,0.0,2022_07,147,2022_07
2022,7,127.0,0.0,2022_07,141,2022_07
2022,7,128.0,0.0,2022_07,145,2022_07
2022,7,129.0,0.0,2022_07,143,2022_07
2022,7,130.0,0.0,2022_07,144,2022_07
2022,7,131.0,0.0,2022_07,281,2022_07
2022,7,132.0,0.0,2022_07,271,2022_07
2022,7,133.0,0.0,2022_07,128,2022_07
2022,7,134.0,0.0,2022_07,129,2022_07
2022,7,135.0,0.0,2022_07,126,2022_07
2022,7,136.0,0.0,2022_07,127,2022_07
2022,7,137.0,0.0,2022_07,134,2022_07
2022,7,138.0,0.0,2022_07,136,2022_07
2022,7,139.0,0.0,2022_07,133,2022_07
2022,7,140.0,0.0,2022_07,135,2022_07
2022,7,141.0,0.0,2022_07,132,2022_07
2022,7,142.0,0.0,2022_07,131,2022_07
2022,7,143.0,0.0,2022_07,130,2022_07
2022,7,144.0,0.0,2022_07,226,2022_07
2022,7,145.0,0.0,2022_07,224,2022_07
2022,7,146.0,0.0,2022_07,225,2022_07
2022,7,147.0,0.0,2022_07,228,2022_07
2022,7,148.0,0.0,2022_07,222,2022_07
2022,7,149.0,0.0,2022_07,223,2022_07
2022,7,150.0,0.0,2022_07,227,2022_07
2022,7,151.0,0.0,2022_07,166,2022_07
2022,7,152.0,0.0,2022_07,167,2022_07
2022,7,153.0,0.0,2022_07,168,2022_07
2022,7,154.0,0.0,2022_07,165,2022_07
2022,7,155.0,0.0,2022_07,137,2022_07
2022,7,156.0,0.0,2022_07,139,2022_07
2022,7,157.0,0.0,2022_07,138,2022_07
2022,7,158.0,0.0,2022_07,140,2022_07
2022,7,159.0,0.0,2022_07,137,2022_07
2022,7,160.0,0.0,2022_07,257,2022_07
2022,7,161.0,0.0,2022_07,256,2022_07
2022,7,162.0,0.0,2022_07,156,2022_07
2022,7,163.0,0.0,2022_07,155,2022_07
2022,7,164.0,0.0,2022_07,157,2022_07
2022,7,165.0,0.0,2022_07,154,2022_07
2022,7,166.0,0.0,2022_07,247,2022_07
2022,7,167.0,0.0,2022_07,246,2022_07
2022,7,168.0,0.0,2022_07,245,2022_07
2022,7,169.0,0.0,2022_07,241,2022_07
2022,7,170.0,0.0,2022_07,268,2022_07
2022,7,173.0,0.0,2022_07,280,2022_07
2022,7,174.0,0.0,2022_07,202,2022_07
2022,7,175.0,0.0,2022_07,279,2022_07
2022,7,176.0,0.0,2022_07,168,2022_07
2022,7,177.0,0.0,2022_07,140,2022_07
2022,7,178.0,0.0,2022_07,231,2022_07
2023,5,2.0,0.0,2023_05,262,2023_05
2023,5,3.0,0.0,2023_05,234,2023_05
2023,5,4.0,0.0,2023_05,261,2023_05
2023,5,10.0,0.0,2023_05,243,2023_05
2023,5,10.0,0.0,2023_05,269,2023_05
2023,5,16.0,0.0,2023_05,260,2023_05
2023,5,16.0,0.0,2023_05,230,2023_05
2023,5,17.0,0.0,2023_05,259,2023_05
2023,5,18.0,0.0,2023_05,233,2023_05
2023,5,19.0,0.0,2023_05,122,2023_05
2023,5,20.0,0.0,2023_05,264,2023_05
2023,5,21.0,0.0,2023_05,266,2023_05
2023,5,22.0,0.0,2023_05,121,2023_05
2023,5,23.0,0.0,2023_05,120,2023_05
2023,5,24.0,0.0,2023_05,265,2023_05
2023,5,25.0,0.0,2023_05,124,2023_05
2023,5,26.0,0.0,2023_05,123,2023_05
2023,5,27.0,0.0,2023_05,249,2023_05
2023,5,28.0,0.0,2023_05,251,2023_05
2023,5,29.0,0.0,2023_05,250,2023_05
2023,5,30.0,0.0,2023_05,199,2023_05
2023,5,31.0,0.0,2023_05,201,2023_05
2023,5,32.0,0.0,2023_05,198,2023_05
2023,5,33.0,0.0,2023_05,200,2023_05
2023,5,35.0,0.0,2023_05,186,2023_05
2023,5,36.0,0.0,2023_05,184,2023_05
2023,5,37.0,0.0,2023_05,185,2023_05
2023,5,38.0,0.0,2023_05,187,2023_05
2023,5,39.0,0.0,2023_05,188,2023_05
2023,5,40.0,0.0,2023_05,248,2023_05
2023,5,41.0,0.0,2023_05,278,2023_05
2023,5,42.0,0.0,2023_05,279,2023_05
2023,5,43.0,0.0,2023_05,207,2023_05
2023,5,44.0,0.0,2023_05,206,2023_05
2023,5,45.0,0.0,2023_05,205,2023_05
2023,5,46.0,0.0,2023_05,239,2023_05
2023,5,47.0,0.0,2023_05,270,2023_05
2023,5,48.0,0.0,2023_05,238,2023_05
2023,5,50.0,0.0,2023_05,150,2023_05
2023,5,51.0,0.0,2023_05,152,2023_05
2023,5,52.0,0.0,2023_05,153,2023_05
2023,5,53.0,0.0,2023_05,151,2023_05
2023,5,54.0,0.0,2023_05,110,2023_05
2023,5,55.0,0.0,2023_05,112,2023_05
2023,5,56.0,0.0,2023_05,114,2023_05
2023,5,57.0,0.0,2023_05,113,2023_05
2023,5,58.0,0.0,2023_05,109,2023_05
2023,5,59.0,0.0,2023_05,111,2023_05
2023,5,60.0,0.0,2023_05,112,2023_05
2023,5,61.0,0.0,2023_05,256,2023_05
2023,5,62.0,0.0,2023_05,163,2023_05
2023,5,63.0,0.0,2023_05,159,2023_05
2023,5,64.0,0.0,2023_05,158,2023_05
2023,5,65.0,0.0,2023_05,160,2023_05
2023,5,66.0,0.0,2023_05,164,2023_05
2023,5,67.0,0.0,2023_05,162,2023_05
2023,5,68.0,0.0,2023_05,161,2023_05
2023,5,69.0,0.0,2023_05,181,2023_05
2023,5,71.0,0.0,2023_05,117,2023_05
2023,5,72.0,0.0,2023_05,119,2023_05
2023,5,73.0,0.0,2023_05,116,2023_05
2023,5,74.0,0.0,2023_05,118,2023_05
2023,5,75.0,0.0,2023_05,115,2023_05
2023,5,76.0,0.0,2023_05,172,2023_05
2023,5,77.0,0.0,2023_05,176,2023_05
2023,5,78.0,0.0,2023_05,173,2023_05
2023,5,79.0,0.0,2023_05,177,2023_05
2023,5,80.0,0.0,2023_05,174,2023_05
2023,5,81.0,0.0,2023_05,175,2023_05
2023,5,82.0,0.0,2023_05,194,2023_05
2023,5,83.0,0.0,2023_05,196,2023_05
2023,5,84.0,0.0,2023_05,195,2023_05
2023,5,85.0,0.0,2023_05,197,2023_05
2023,5,86.0,0.0,2023_05,253,2023_05
2023,5,87.0,0.0,2023_05,252,2023_05
2023,5,88.0,0.0,2023_05,254,2023_05
2023,5,89.0,0.0,2023_05,277,2023_05
2023,5,90.0,0.0,2023_05,169,2023_05
2023,5,91.0,0.0,2023_05,170,2023_05
2023,5,92.0,0.0,2023_05,276,2023_05
2023,5,93.0,0.0,2023_05,171,2023_05
2023,5,94.0,0.0,2023_05,219,2023_05
2023,5,95.0,0.0,2023_05,273,2023_05
2023,5,96.0,0.0,2023_05,219,2023_05
2023,5,97.0,0.0,2023_05,221,2023_05
2023,5,98.0,0.0,2023_05,220,2023_05
2023,5,99.0,0.0,2023_05,211,2023_05
2023,5,100.0,0.0,2023_05,210,2023_05
2023,5,101.0,0.0,2023_05,217,2023_05
2023,5,102.0,0.0,2023_05,208,2023_05
2023,5,103.0,0.0,2023_05,215,2023_05
2023,5,104.0,0.0,2023_05,214,2023_05
2023,5,105.0,0.0,2023_05,213,2023_05
2023,5,106.0,0.0,2023_05,216,2023_05
2023,5,107.0,0.0,2023_05,212,2023_05
2023,5,108.0,0.0,2023_05,272,2023_05
2023,5,109.0,0.0,2023_05,209,2023_05
2023,5,110.0,0.0,2023_05,178,2023_05
2023,5,111.0,0.0,2023_05,275,2023_05
2023,5,112.0,0.0,2023_05,179,2023_05
2023,5,113.0,0.0,2023_05,255,2023_05
2023,5,114.0,0.0,2023_05,189,2023_05
2023,5,115.0,0.0,2023_05,190,2023_05
2023,5,116.0,0.0,2023_05,192,2023_05
2023,5,117.0,0.0,2023_05,191,2023_05
2023,5,118.0,0.0,2023_05,193,2023_05
2023,5,119.0,0.0,2023_05,104,2023_05
2023,5,120.0,0.0,2023_05,103,2023_05
2023,5,121.0,0.0,2023_05,101,2023_05
2023,5,122.0,0.0,2023_05,102,2023_05
2023,5,123.0,0.0,2023_05,105,2023_05
2023,5,124.0,0.0,2023_05,142,2023_05
2023,5,125.0,0.0,2023_05,146,2023_05
2023,5,126.0,0.0,2023_05,147,2023_05
2023,5,127.0,0.0,2023_05,141,2023_05
2023,5,128.0,0.0,2023_05,145,2023_05
2023,5,129.0,0.0,2023_05,143,2023_05
2023,5,130.0,0.0,2023_05,144,2023_05
2023,5,131.0,0.0,2023_05,281,2023_05
2023,5,132.0,0.0,2023_05,271,2023_05
2023,5,133.0,0.0,2023_05,128,2023_05
2023,5,134.0,0.0,2023_05,129,2023_05
2023,5,135.0,0.0,2023_05,126,2023_05
2023,5,136.0,0.0,2023_05,127,2023_05
2023,5,137.0,0.0,2023_05,134,2023_05
2023,5,138.0,0.0,2023_05,136,2023_05
2023,5,139.0,0.0,2023_05,133,2023_05
2023,5,140.0,0.0,2023_05,135,2023_05
2023,5,141.0,0.0,2023_05,132,2023_05
2023,5,142.0,0.0,2023_05,131,2023_05
2023,5,143.0,0.0,2023_05,130,2023_05
2023,5,144.0,0.0,2023_05,226,2023_05
2023,5,145.0,0.0,2023_05,224,2023_05
2023,5,146.0,0.0,2023_05,225,2023_05
2023,5,147.0,0.0,2023_05,228,2023_05
2023,5,148.0,0.0,2023_05,222,2023_05
2023,5,149.0,0.0,2023_05,223,2023_05
2023,5,150.0,0.0,2023_05,227,2023_05
2023,5,151.0,0.0,2023_05,166,2023_05
2023,5,152.0,0.0,2023_05,167,2023_05
2023,5,153.0,0.0,2023_05,168,2023_05
2023,5,154.0,0.0,2023_05,165,2023_05
2023,5,155.0,0.0,2023_05,137,2023_05
2023,5,156.0,0.0,2023_05,139,2023_05
2023,5,157.0,0.0,2023_05,138,2023_05
2023,5,158.0,0.0,2023_05,140,2023_05
2023,5,159.0,0.0,2023_05,137,2023_05
2023,5,160.0,0.0,2023_05,257,2023_05
2023,5,161.0,0.0,2023_05,256,2023_05
2023,5,162.0,0.0,2023_05,156,2023_05
2023,5,163.0,0.0,2023_05,155,2023_05
2023,5,164.0,0.0,2023_05,157,2023_05
2023,5,165.0,0.0,2023_05,154,2023_05
2023,5,166.0,0.0,2023_05,247,2023_05
2023,5,167.0,0.0,2023_05,246,2023_05
2023,5,168.0,0.0,2023_05,245,2023_05
2023,5,169.0,0.0,2023_05,241,2023_05
2023,5,170.0,0.0,2023_05,268,2023_05
2023,5,173.0,0.0,2023_05,280,2023_05
2023,5,174.0,0.0,2023_05,202,2023_05
2023,5,175.0,0.0,2023_05,279,2023_05
2023,5,176.0,0.0,2023_05,168,2023_05
2023,5,177.0,0.0,2023_05,140,2023_05
2023,5,178.0,0.0,2023_05,231,2023_05
2023,6,2.0,0.0,2023_06,262,2023_06
2023,6,3.0,0.0,2023_06,234,2023_06
2023,6,4.0,0.0,2023_06,261,2023_06
2023,6,10.0,0.0,2023_06,243,2023_06
2023,6,10.0,0.0,2023_06,269,2023_06
2023,6,16.0,0.0,2023_06,260,2023_06
2023,6,16.0,0.0,2023_06,230,2023_06
2023,6,17.0,0.0,2023_06,259,2023_06
2023,6,18.0,0.0,2023_06,233,2023_06
2023,6,19.0,0.0,2023_06,122,2023_06
2023,6,20.0,0.0,2023_06,264,2023_06
2023,6,21.0,0.0,2023_06,266,2023_06
2023,6,22.0,0.0,2023_06,121,2023_06
2023,6,23.0,0.0,2023_06,120,2023_06
2023,6,24.0,0.0,2023_06,265,2023_06
2023,6,25.0,0.0,2023_06,124,2023_06
2023,6,26.0,0.0,2023_06,123,2023_06
2023,6,27.0,0.0,2023_06,249,2023_06
2023,6,28.0,0.0,2023_06,251,2023_06
2023,6,29.0,0.0,2023_06,250,2023_06
2023,6,30.0,0.0,2023_06,199,2023_06
2023,6,31.0,0.0,2023_06,201,2023_06
2023,6,32.0,0.0,2023_06,198,2023_06
2023,6,33.0,0.0,2023_06,200,2023_06
2023,6,35.0,0.0,2023_06,186,2023_06
2023,6,36.0,0.0,2023_06,184,2023_06
2023,6,37.0,0.0,2023_06,185,2023_06
2023,6,38.0,0.0,2023_06,187,2023_06
2023,6,39.0,0.0,2023_06,188,2023_06
2023,6,40.0,0.0,2023_06,248,2023_06
2023,6,41.0,0.0,2023_06,278,2023_06
2023,6,42.0,0.0,2023_06,279,2023_06
2023,6,43.0,0.0,2023_06,207,2023_06
2023,6,44.0,0.0,2023_06,206,2023_06
2023,6,45.0,0.0,2023_06,205,2023_06
2023,6,46.0,0.0,2023_06,239,2023_06
2023,6,47.0,0.0,2023_06,270,2023_06
2023,6,48.0,0.0,2023_06,238,2023_06
2023,6,50.0,0.0,2023_06,150,2023_06
2023,6,51.0,0.0,2023_06,152,2023_06
2023,6,52.0,0.0,2023_06,153,2023_06
2023,6,53.0,0.0,2023_06,151,2023_06
2023,6,54.0,0.0,2023_06,110,2023_06
2023,6,55.0,0.0,2023_06,112,2023_06
2023,6,56.0,0.0,2023_06,114,2023_06
2023,6,57.0,0.0,2023_06,113,2023_06
2023,6,58.0,0.0,2023_06,109,2023_06
2023,6,59.0,0.0,2023_06,111,2023_06
2023,6,60.0,0.0,2023_06,112,2023_06
2023,6,61.0,0.0,2023_06,256,2023_06
2023,6,62.0,0.0,2023_06,163,2023_06
2023,6,63.0,0.0,2023_06,159,2023_06
2023,6,64.0,0.0,2023_06,158,2023_06
2023,6,65.0,0.0,2023_06,160,2023_06
2023,6,66.0,0.0,2023_06,164,2023_06
2023,6,67.0,0.0,2023_06,162,2023_06
2023,6,68.0,0.0,2023_06,161,2023_06
2023,6,69.0,0.0,2023_06,181,2023_06
2023,6,71.0,0.0,2023_06,117,2023_06
2023,6,72.0,0.0,2023_06,119,2023_06
2023,6,73.0,0.0,2023_06,116,2023_06
2023,6,74.0,0.0,2023_06,118,2023_06
2023,6,75.0,0.0,2023_06,115,2023_06
2023,6,76.0,0.0,2023_06,172,2023_06
2023,6,77.0,0.0,2023_06,176,2023_06
2023,6,78.0,0.0,2023_06,173,2023_06
2023,6,79.0,0.0,2023_06,177,2023_06
2023,6,80.0,0.0,2023_06,174,2023_06
2023,6,81.0,0.0,2023_06,175,2023_06
2023,6,82.0,0.0,2023_06,194,2023_06
2023,6,83.0,0.0,2023_06,196,2023_06
2023,6,84.0,0.0,2023_06,195,2023_06
2023,6,85.0,0.0,2023_06,197,2023_06
2023,6,86.0,0.0,2023_06,253,2023_06
2023,6,87.0,0.0,2023_06,252,2023_06
2023,6,88.0,0.0,2023_06,254,2023_06
2023,6,89.0,0.0,2023_06,277,2023_06
2023,6,90.0,0.0,2023_06,169,2023_06
2023,6,91.0,0.0,2023_06,170,2023_06
2023,6,92.0,0.0,2023_06,276,2023_06
2023,6,93.0,0.0,2023_06,171,2023_06
2023,6,94.0,0.0,2023_06,219,2023_06
2023,6,95.0,0.0,2023_06,273,2023_06
2023,6,96.0,0.0,2023_06,219,2023_06
2023,6,97.0,0.0,2023_06,221,2023_06
2023,6,98.0,0.0,2023_06,220,2023_06
2023,6,99.0,0.0,2023_06,211,2023_06
2023,6,100.0,0.0,2023_06,210,2023_06
2023,6,101.0,0.0,2023_06,217,2023_06
2023,6,102.0,0.0,2023_06,208,2023_06
2023,6,103.0,0.0,2023_06,215,2023_06
2023,6,104.0,0.0,2023_06,214,2023_06
2023,6,105.0,0.0,2023_06,213,2023_06
2023,6,106.0,0.0,2023_06,216,2023_06
2023,6,107.0,0.0,2023_06,212,2023_06
2023,6,108.0,0.0,2023_06,272,2023_06
2023,6,109.0,0.0,2023_06,209,2023_06
2023,6,110.0,0.0,2023_06,178,2023_06
2023,6,111.0,0.0,2023_06,275,2023_06
2023,6,112.0,0.0,2023_06,179,2023_06
2023,6,113.0,0.0,2023_06,255,2023_06
2023,6,114.0,0.0,2023_06,189,2023_06
2023,6,115.0,0.0,2023_06,190,2023_06
2023,6,116.0,0.0,2023_06,192,2023_06
2023,6,117.0,0.0,2023_06,191,2023_06
2023,6,118.0,0.0,2023_06,193,2023_06
2023,6,119.0,0.0,2023_06,104,2023_06
2023,6,120.0,0.0,2023_06,103,2023_06
2023,6,121.0,0.0,2023_06,101,2023_06
2023,6,122.0,0.0,2023_06,102,2023_06
2023,6,123.0,0.0,2023_06,105,2023_06
2023,6,124.0,0.0,2023_06,142,2023_06
2023,6,125.0,0.0,2023_06,146,2023_06
2023,6,126.0,0.0,2023_06,147,2023_06
2023,6,127.0,0.0,2023_06,141,2023_06
2023,6,128.0,0.0,2023_06,145,2023_06
2023,6,129.0,0.0,2023_06,143,2023_06
2023,6,130.0,0.0,2023_06,144,2023_06
2023,6,131.0,0.0,2023_06,281,2023_06
2023,6,132.0,0.0,2023_06,271,2023_06
2023,6,133.0,0.0,2023_06,128,2023_06
2023,6,134.0,0.0,2023_06,129,2023_06
2023,6,135.0,0.0,2023_06,126,2023_06
2023,6,136.0,0.0,2023_06,127,2023_06
2023,6,137.0,0.0,2023_06,134,2023_06
2023,6,138.0,0.0,2023_06,136,2023_06
2023,6,139.0,0.0,2023_06,133,2023_06
2023,6,140.0,0.0,2023_06,135,2023_06
2023,6,141.0,0.0,2023_06,132,2023_06
2023,6,142.0,0.0,2023_06,131,2023_06
2023,6,143.0,0.0,2023_06,130,2023_06
2023,6,144.0,0.0,2023_06,226,2023_06
2023,6,145.0,0.0,2023_06,224,2023_06
2023,6,146.0,0.0,2023_06,225,2023_06
2023,6,147.0,0.0,2023_06,228,2023_06
2023,6,148.0,0.0,2023_06,222,2023_06
2023,6,149.0,0.0,2023_06,223,2023_06
2023,6,150.0,0.0,2023_06,227,2023_06
2023,6,151.0,0.0,2023_06,166,2023_06
2023,6,152.0,0.0,2023_06,167,2023_06
2023,6,153.0,0.0,2023_06,168,2023_06
2023,6,154.0,0.0,2023_06,165,2023_06
2023,6,155.0,0.0,2023_06,137,2023_06
2023,6,156.0,0.0,2023_06,139,2023_06
2023,6,157.0,0.0,2023_06,138,2023_06
2023,6,158.0,0.0,2023_06,140,2023_06
2023,6,159.0,0.0,2023_06,137,2023_06
2023,6,160.0,0.0,2023_06,257,2023_06
2023,6,161.0,0.0,2023_06,256,2023_06
2023,6,162.0,0.0,2023_06,156,2023_06
2023,6,163.0,0.0,2023_06,155,2023_06
2023,6,164.0,0.0,2023_06,157,2023_06
2023,6,165.0,0.0,2023_06,154,2023_06
2023,6,166.0,0.0,2023_06,247,2023_06
2023,6,167.0,0.0,2023_06,246,2023_06
2023,6,168.0,0.0,2023_06,245,2023_06
2023,6,169.0,0.0,2023_06,241,2023_06
2023,6,170.0,0.0,2023_06,268,2023_06
2023,6,173.0,0.0,2023_06,280,2023_06
2023,6,174.0,0.0,2023_06,202,2023_06
2023,6,175.0,0.0,2023_06,279,2023_06
2023,6,176.0,0.0,2023_06,168,2023_06
2023,6,177.0,0.0,2023_06,140,2023_06
2023,6,178.0,0.0,2023_06,231,2023_06
2023,6,188.0,0.0,2023_06,269,2023_06
2022,9,2.0,0.0,2022_09,262,2022_09
2022,9,3.0,0.0,2022_09,234,2022_09
2022,9,4.0,0.0,2022_09,261,2022_09
2022,9,10.0,0.0,2022_09,243,2022_09
2022,9,10.0,0.0,2022_09,269,2022_09
2022,9,16.0,0.0,2022_09,260,2022_09
2022,9,16.0,0.0,2022_09,230,2022_09
2022,9,17.0,0.0,2022_09,259,2022_09
2022,9,18.0,0.0,2022_09,233,2022_09
2022,9,19.0,0.0,2022_09,122,2022_09
2022,9,20.0,0.0,2022_09,264,2022_09
2022,9,21.0,0.0,2022_09,266,2022_09
2022,9,22.0,0.0,2022_09,121,2022_09
2022,9,23.0,0.0,2022_09,120,2022_09
2022,9,24.0,0.0,2022_09,265,2022_09
2022,9,25.0,0.0,2022_09,124,2022_09
2022,9,26.0,0.0,2022_09,123,2022_09
2022,9,27.0,0.0,2022_09,249,2022_09
2022,9,28.0,0.0,2022_09,251,2022_09
2022,9,29.0,0.0,2022_09,250,2022_09
2022,9,30.0,0.0,2022_09,199,2022_09
2022,9,31.0,0.0,2022_09,201,2022_09
2022,9,32.0,0.0,2022_09,198,2022_09
2022,9,33.0,0.0,2022_09,200,2022_09
2022,9,35.0,0.0,2022_09,186,2022_09
2022,9,36.0,0.0,2022_09,184,2022_09
2022,9,37.0,0.0,2022_09,185,2022_09
2022,9,38.0,0.0,2022_09,187,2022_09
2022,9,39.0,0.0,2022_09,188,2022_09
2022,9,40.0,0.0,2022_09,248,2022_09
2022,9,41.0,0.0,2022_09,278,2022_09
2022,9,42.0,0.0,2022_09,279,2022_09
2022,9,43.0,0.0,2022_09,207,2022_09
2022,9,44.0,0.0,2022_09,206,2022_09
2022,9,45.0,0.0,2022_09,205,2022_09
2022,9,46.0,0.0,2022_09,239,2022_09
2022,9,47.0,0.0,2022_09,270,2022_09
2022,9,48.0,0.0,2022_09,238,2022_09
2022,9,50.0,0.0,2022_09,150,2022_09
2022,9,51.0,0.0,2022_09,152,2022_09
2022,9,52.0,0.0,2022_09,153,2022_09
2022,9,53.0,0.0,2022_09,151,2022_09
2022,9,54.0,0.0,2022_09,110,2022_09
2022,9,55.0,0.0,2022_09,112,2022_09
2022,9,56.0,0.0,2022_09,114,2022_09
2022,9,57.0,0.0,2022_09,113,2022_09
2022,9,58.0,0.0,2022_09,109,2022_09
2022,9,59.0,0.0,2022_09,111,2022_09
2022,9,60.0,0.0,2022_09,112,2022_09
2022,9,61.0,0.0,2022_09,256,2022_09
2022,9,62.0,0.0,2022_09,163,2022_09
2022,9,63.0,0.0,2022_09,159,2022_09
2022,9,64.0,0.0,2022_09,158,2022_09
2022,9,65.0,0.0,2022_09,160,2022_09
2022,9,66.0,0.0,2022_09,164,2022_09
2022,9,67.0,0.0,2022_09,162,2022_09
2022,9,68.0,0.0,2022_09,161,2022_09
2022,9,69.0,0.0,2022_09,181,2022_09
2022,9,71.0,0.0,2022_09,117,2022_09
2022,9,72.0,0.0,2022_09,119,2022_09
2022,9,73.0,0.0,2022_09,116,2022_09
2022,9,74.0,0.0,2022_09,118,2022_09
2022,9,75.0,0.0,2022_09,115,2022_09
2022,9,76.0,0.0,2022_09,172,2022_09
2022,9,77.0,0.0,2022_09,176,2022_09
2022,9,78.0,0.0,2022_09,173,2022_09
2022,9,79.0,0.0,2022_09,177,2022_09
2022,9,80.0,0.0,2022_09,174,2022_09
2022,9,81.0,0.0,2022_09,175,2022_09
2022,9,82.0,0.0,2022_09,194,2022_09
2022,9,83.0,0.0,2022_09,196,2022_09
2022,9,84.0,0.0,2022_09,195,2022_09
2022,9,85.0,0.0,2022_09,197,2022_09
2022,9,86.0,0.0,2022_09,253,2022_09
2022,9,87.0,0.0,2022_09,252,2022_09
2022,9,88.0,0.0,2022_09,254,2022_09
2022,9,89.0,0.0,2022_09,277,2022_09
2022,9,90.0,0.0,2022_09,169,2022_09
2022,9,91.0,0.0,2022_09,170,2022_09
2022,9,92.0,0.0,2022_09,276,2022_09
2022,9,93.0,0.0,2022_09,171,2022_09
2022,9,94.0,0.0,2022_09,219,2022_09
2022,9,95.0,0.0,2022_09,273,2022_09
2022,9,96.0,0.0,2022_09,219,2022_09
2022,9,97.0,0.0,2022_09,221,2022_09
2022,9,98.0,0.0,2022_09,220,2022_09
2022,9,99.0,0.0,2022_09,211,2022_09
2022,9,100.0,0.0,2022_09,210,2022_09
2022,9,101.0,0.0,2022_09,217,2022_09
2022,9,102.0,0.0,2022_09,208,2022_09
2022,9,103.0,0.0,2022_09,215,2022_09
2022,9,104.0,0.0,2022_09,214,2022_09
2022,9,105.0,0.0,2022_09,213,2022_09
2022,9,106.0,0.0,2022_09,216,2022_09
2022,9,107.0,0.0,2022_09,212,2022_09
2022,9,108.0,0.0,2022_09,272,2022_09
2022,9,109.0,0.0,2022_09,209,2022_09
2022,9,110.0,0.0,2022_09,178,2022_09
2022,9,111.0,0.0,2022_09,275,2022_09
2022,9,112.0,0.0,2022_09,179,2022_09
2022,9,113.0,0.0,2022_09,255,2022_09
2022,9,114.0,0.0,2022_09,189,2022_09
2022,9,115.0,0.0,2022_09,190,2022_09
2022,9,116.0,0.0,2022_09,192,2022_09
2022,9,117.0,0.0,2022_09,191,2022_09
2022,9,118.0,0.0,2022_09,193,2022_09
2022,9,119.0,0.0,2022_09,104,2022_09
2022,9,120.0,0.0,2022_09,103,2022_09
2022,9,121.0,0.0,2022_09,101,2022_09
2022,9,122.0,0.0,2022_09,102,2022_09
2022,9,123.0,0.0,2022_09,105,2022_09
2022,9,124.0,0.0,2022_09,142,2022_09
2022,9,125.0,0.0,2022_09,146,2022_09
2022,9,126.0,0.0,2022_09,147,2022_09
2022,9,127.0,0.0,2022_09,141,2022_09
2022,9,128.0,0.0,2022_09,145,2022_09
2022,9,129.0,0.0,2022_09,143,2022_09
2022,9,130.0,0.0,2022_09,144,2022_09
2022,9,131.0,0.0,2022_09,281,2022_09
2022,9,132.0,0.0,2022_09,271,2022_09
2022,9,133.0,0.0,2022_09,128,2022_09
2022,9,134.0,0.0,2022_09,129,2022_09
2022,9,135.0,0.0,2022_09,126,2022_09
2022,9,136.0,0.0,2022_09,127,2022_09
2022,9,137.0,0.0,2022_09,134,2022_09
2022,9,138.0,0.0,2022_09,136,2022_09
2022,9,139.0,0.0,2022_09,133,2022_09
2022,9,140.0,0.0,2022_09,135,2022_09
2022,9,141.0,0.0,2022_09,132,2022_09
2022,9,142.0,0.0,2022_09,131,2022_09
2022,9,143.0,0.0,2022_09,130,2022_09
2022,9,144.0,0.0,2022_09,226,2022_09
2022,9,145.0,0.0,2022_09,224,2022_09
2022,9,146.0,0.0,2022_09,225,2022_09
2022,9,147.0,0.0,2022_09,228,2022_09
2022,9,148.0,0.0,2022_09,222,2022_09
2022,9,149.0,0.0,2022_09,223,2022_09
2022,9,150.0,0.0,2022_09,227,2022_09
2022,9,151.0,0.0,2022_09,166,2022_09
2022,9,152.0,0.0,2022_09,167,2022_09
2022,9,153.0,0.0,2022_09,168,2022_09
2022,9,154.0,0.0,2022_09,165,2022_09
2022,9,155.0,0.0,2022_09,137,2022_09
2022,9,156.0,0.0,2022_09,139,2022_09
2022,9,157.0,0.0,2022_09,138,2022_09
2022,9,158.0,0.0,2022_09,140,2022_09
2022,9,159.0,0.0,2022_09,137,2022_09
2022,9,160.0,0.0,2022_09,257,2022_09
2022,9,161.0,0.0,2022_09,256,2022_09
2022,9,162.0,0.0,2022_09,156,2022_09
2022,9,163.0,0.0,2022_09,155,2022_09
2022,9,164.0,0.0,2022_09,157,2022_09
2022,9,165.0,0.0,2022_09,154,2022_09
2022,9,166.0,0.0,2022_09,247,2022_09
2022,9,167.0,0.0,2022_09,246,2022_09
2022,9,168.0,0.0,2022_09,245,2022_09
2022,9,169.0,0.0,2022_09,241,2022_09
2022,9,170.0,0.0,2022_09,268,2022_09
2022,9,173.0,0.0,2022_09,280,2022_09
2022,9,174.0,0.0,2022_09,202,2022_09
2022,9,175.0,0.0,2022_09,279,2022_09
2022,9,176.0,0.0,2022_09,168,2022_09
2022,9,177.0,0.0,2022_09,140,2022_09
2022,9,178.0,0.0,2022_09,231,2022_09
2022,5,2.0,0.0,2022_05,262,2022_05
2022,5,3.0,0.0,2022_05,234,2022_05
2022,5,4.0,0.0,2022_05,261,2022_05
2022,5,10.0,0.0,2022_05,243,2022_05
2022,5,10.0,0.0,2022_05,269,2022_05
2022,5,16.0,0.0,2022_05,260,2022_05
2022,5,16.0,0.0,2022_05,230,2022_05
2022,5,17.0,0.0,2022_05,259,2022_05
2022,5,18.0,0.0,2022_05,233,2022_05
2022,5,19.0,0.0,2022_05,122,2022_05
2022,5,20.0,0.0,2022_05,264,2022_05
2022,5,21.0,0.0,2022_05,266,2022_05
2022,5,22.0,0.0,2022_05,121,2022_05
2022,5,23.0,0.0,2022_05,120,2022_05
2022,5,24.0,0.0,2022_05,265,2022_05
2022,5,25.0,0.0,2022_05,124,2022_05
2022,5,26.0,0.0,2022_05,123,2022_05
2022,5,27.0,0.0,2022_05,249,2022_05
2022,5,28.0,0.0,2022_05,251,2022_05
2022,5,29.0,0.0,2022_05,250,2022_05
2022,5,30.0,0.0,2022_05,199,2022_05
2022,5,31.0,0.0,2022_05,201,2022_05
2022,5,32.0,0.0,2022_05,198,2022_05
2022,5,33.0,0.0,2022_05,200,2022_05
2022,5,35.0,0.0,2022_05,186,2022_05
2022,5,36.0,0.0,2022_05,184,2022_05
2022,5,37.0,0.0,2022_05,185,2022_05
2022,5,38.0,0.0,2022_05,187,2022_05
2022,5,39.0,0.0,2022_05,188,2022_05
2022,5,40.0,0.0,2022_05,248,2022_05
2022,5,41.0,0.0,2022_05,278,2022_05
2022,5,42.0,0.0,2022_05,279,2022_05
2022,5,43.0,0.0,2022_05,207,2022_05
2022,5,44.0,0.0,2022_05,206,2022_05
2022,5,45.0,0.0,2022_05,205,2022_05
2022,5,46.0,0.0,2022_05,239,2022_05
2022,5,47.0,0.0,2022_05,270,2022_05
2022,5,48.0,0.0,2022_05,238,2022_05
2022,5,50.0,0.0,2022_05,150,2022_05
2022,5,51.0,0.0,2022_05,152,2022_05
2022,5,52.0,0.0,2022_05,153,2022_05
2022,5,53.0,0.0,2022_05,151,2022_05
2022,5,54.0,0.0,2022_05,110,2022_05
2022,5,55.0,0.0,2022_05,112,2022_05
2022,5,56.0,0.0,2022_05,114,2022_05
2022,5,57.0,0.0,2022_05,113,2022_05
2022,5,58.0,0.0,2022_05,109,2022_05
2022,5,59.0,0.0,2022_05,111,2022_05
2022,5,60.0,0.0,2022_05,112,2022_05
2022,5,61.0,0.0,2022_05,256,2022_05
2022,5,62.0,0.0,2022_05,163,2022_05
2022,5,63.0,0.0,2022_05,159,2022_05
2022,5,64.0,0.0,2022_05,158,2022_05
2022,5,65.0,0.0,2022_05,160,2022_05
2022,5,66.0,0.0,2022_05,164,2022_05
2022,5,67.0,0.0,2022_05,162,2022_05
2022,5,68.0,0.0,2022_05,161,2022_05
2022,5,69.0,262.0,2022_05,181,2022_05
2022,5,71.0,0.0,2022_05,117,2022_05
2022,5,72.0,0.0,2022_05,119,2022_05
2022,5,73.0,0.0,2022_05,116,2022_05
2022,5,74.0,0.0,2022_05,118,2022_05
2022,5,75.0,0.0,2022_05,115,2022_05
2022,5,76.0,0.0,2022_05,172,2022_05
2022,5,77.0,0.0,2022_05,176,2022_05
2022,5,78.0,0.0,2022_05,173,2022_05
2022,5,79.0,0.0,2022_05,177,2022_05
2022,5,80.0,0.0,2022_05,174,2022_05
2022,5,81.0,0.0,2022_05,175,2022_05
2022,5,82.0,0.0,2022_05,194,2022_05
2022,5,83.0,0.0,2022_05,196,2022_05
2022,5,84.0,0.0,2022_05,195,2022_05
2022,5,85.0,0.0,2022_05,197,2022_05
2022,5,86.0,0.0,2022_05,253,2022_05
2022,5,87.0,0.0,2022_05,252,2022_05
2022,5,88.0,0.0,2022_05,254,2022_05
2022,5,89.0,0.0,2022_05,277,2022_05
2022,5,90.0,0.0,2022_05,169,2022_05
2022,5,91.0,0.0,2022_05,170,2022_05
2022,5,92.0,0.0,2022_05,276,2022_05
2022,5,93.0,0.0,2022_05,171,2022_05
2022,5,94.0,0.0,2022_05,219,2022_05
2022,5,95.0,0.0,2022_05,273,2022_05
2022,5,96.0,0.0,2022_05,219,2022_05
2022,5,97.0,0.0,2022_05,221,2022_05
2022,5,98.0,0.0,2022_05,220,2022_05
2022,5,99.0,0.0,2022_05,211,2022_05
2022,5,100.0,0.0,2022_05,210,2022_05
2022,5,101.0,0.0,2022_05,217,2022_05
2022,5,102.0,0.0,2022_05,208,2022_05
2022,5,103.0,0.0,2022_05,215,2022_05
2022,5,104.0,0.0,2022_05,214,2022_05
2022,5,105.0,0.0,2022_05,213,2022_05
2022,5,106.0,0.0,2022_05,216,2022_05
2022,5,107.0,0.0,2022_05,212,2022_05
2022,5,108.0,0.0,2022_05,272,2022_05
2022,5,109.0,0.0,2022_05,209,2022_05
2022,5,110.0,0.0,2022_05,178,2022_05
2022,5,111.0,0.0,2022_05,275,2022_05
2022,5,112.0,0.0,2022_05,179,2022_05
2022,5,113.0,0.0,2022_05,255,2022_05
2022,5,114.0,0.0,2022_05,189,2022_05
2022,5,115.0,0.0,2022_05,190,2022_05
2022,5,116.0,0.0,2022_05,192,2022_05
2022,5,117.0,0.0,2022_05,191,2022_05
2022,5,118.0,0.0,2022_05,193,2022_05
2022,5,119.0,0.0,2022_05,104,2022_05
2022,5,120.0,0.0,2022_05,103,2022_05
2022,5,121.0,0.0,2022_05,101,2022_05
2022,5,122.0,0.0,2022_05,102,2022_05
2022,5,123.0,0.0,2022_05,105,2022_05
2022,5,124.0,0.0,2022_05,142,2022_05
2022,5,125.0,0.0,2022_05,146,2022_05
2022,5,126.0,0.0,2022_05,147,2022_05
2022,5,127.0,0.0,2022_05,141,2022_05
2022,5,128.0,0.0,2022_05,145,2022_05
2022,5,129.0,0.0,2022_05,143,2022_05
2022,5,130.0,0.0,2022_05,144,2022_05
2022,5,131.0,0.0,2022_05,281,2022_05
2022,5,132.0,0.0,2022_05,271,2022_05
2022,5,133.0,0.0,2022_05,128,2022_05
2022,5,134.0,0.0,2022_05,129,2022_05
2022,5,135.0,0.0,2022_05,126,2022_05
2022,5,136.0,0.0,2022_05,127,2022_05
2022,5,137.0,0.0,2022_05,134,2022_05
2022,5,138.0,0.0,2022_05,136,2022_05
2022,5,139.0,0.0,2022_05,133,2022_05
2022,5,140.0,0.0,2022_05,135,2022_05
2022,5,141.0,0.0,2022_05,132,2022_05
2022,5,142.0,0.0,2022_05,131,2022_05
2022,5,143.0,0.0,2022_05,130,2022_05
2022,5,144.0,0.0,2022_05,226,2022_05
2022,5,145.0,0.0,2022_05,224,2022_05
2022,5,146.0,0.0,2022_05,225,2022_05
2022,5,147.0,0.0,2022_05,228,2022_05
2022,5,148.0,0.0,2022_05,222,2022_05
2022,5,149.0,0.0,2022_05,223,2022_05
2022,5,150.0,0.0,2022_05,227,2022_05
2022,5,151.0,0.0,2022_05,166,2022_05
2022,5,152.0,0.0,2022_05,167,2022_05
2022,5,153.0,0.0,2022_05,168,2022_05
2022,5,154.0,0.0,2022_05,165,2022_05
2022,5,155.0,0.0,2022_05,137,2022_05
2022,5,156.0,0.0,2022_05,139,2022_05
2022,5,157.0,0.0,2022_05,138,2022_05
2022,5,158.0,0.0,2022_05,140,2022_05
2022,5,159.0,0.0,2022_05,137,2022_05
2022,5,160.0,0.0,2022_05,257,2022_05
2022,5,161.0,0.0,2022_05,256,2022_05
2022,5,162.0,0.0,2022_05,156,2022_05
2022,5,163.0,0.0,2022_05,155,2022_05
2022,5,164.0,0.0,2022_05,157,2022_05
2022,5,165.0,0.0,2022_05,154,2022_05
2022,5,166.0,0.0,2022_05,247,2022_05
2022,5,167.0,0.0,2022_05,246,2022_05
2022,5,168.0,0.0,2022_05,245,2022_05
2022,5,169.0,0.0,2022_05,241,2022_05
2022,5,170.0,0.0,2022_05,268,2022_05
2022,5,173.0,0.0,2022_05,280,2022_05
2022,5,174.0,0.0,2022_05,202,2022_05
2022,5,175.0,0.0,2022_05,279,2022_05
2022,5,176.0,0.0,2022_05,168,2022_05
2022,5,177.0,0.0,2022_05,140,2022_05
2022,5,178.0,0.0,2022_05,231,2022_05
2021,8,2.0,0.0,2021_08,262,2021_08
2021,8,3.0,0.0,2021_08,234,2021_08
2021,8,4.0,0.0,2021_08,261,2021_08
2021,8,10.0,0.0,2021_08,243,2021_08
2021,8,10.0,0.0,2021_08,269,2021_08
2021,8,16.0,0.0,2021_08,260,2021_08
2021,8,16.0,0.0,2021_08,230,2021_08
2021,8,17.0,0.0,2021_08,259,2021_08
2021,8,18.0,0.0,2021_08,233,2021_08
2021,8,19.0,0.0,2021_08,122,2021_08
2021,8,20.0,0.0,2021_08,264,2021_08
2021,8,21.0,0.0,2021_08,266,2021_08
2021,8,22.0,0.0,2021_08,121,2021_08
2021,8,23.0,0.0,2021_08,120,2021_08
2021,8,24.0,0.0,2021_08,265,2021_08
2021,8,25.0,0.0,2021_08,124,2021_08
2021,8,26.0,0.0,2021_08,123,2021_08
2021,8,27.0,0.0,2021_08,249,2021_08
2021,8,28.0,0.0,2021_08,251,2021_08
2021,8,29.0,0.0,2021_08,250,2021_08
2021,8,30.0,0.0,2021_08,199,2021_08
2021,8,31.0,0.0,2021_08,201,2021_08
2021,8,32.0,0.0,2021_08,198,2021_08
2021,8,33.0,0.0,2021_08,200,2021_08
2021,8,35.0,0.0,2021_08,186,2021_08
2021,8,36.0,0.0,2021_08,184,2021_08
2021,8,37.0,0.0,2021_08,185,2021_08
2021,8,38.0,0.0,2021_08,187,2021_08
2021,8,39.0,0.0,2021_08,188,2021_08
2021,8,40.0,0.0,2021_08,248,2021_08
2021,8,41.0,0.0,2021_08,278,2021_08
2021,8,42.0,0.0,2021_08,279,2021_08
2021,8,43.0,0.0,2021_08,207,2021_08
2021,8,44.0,0.0,2021_08,206,2021_08
2021,8,45.0,0.0,2021_08,205,2021_08
2021,8,46.0,0.0,2021_08,239,2021_08
2021,8,47.0,0.0,2021_08,270,2021_08
2021,8,48.0,0.0,2021_08,238,2021_08
2021,8,50.0,0.0,2021_08,150,2021_08
2021,8,51.0,0.0,2021_08,152,2021_08
2021,8,52.0,0.0,2021_08,153,2021_08
2021,8,53.0,0.0,2021_08,151,2021_08
2021,8,54.0,0.0,2021_08,110,2021_08
2021,8,55.0,0.0,2021_08,112,2021_08
2021,8,56.0,0.0,2021_08,114,2021_08
2021,8,57.0,0.0,2021_08,113,2021_08
2021,8,58.0,0.0,2021_08,109,2021_08
2021,8,59.0,0.0,2021_08,111,2021_08
2021,8,60.0,0.0,2021_08,112,2021_08
2021,8,61.0,0.0,2021_08,256,2021_08
2021,8,62.0,0.0,2021_08,163,2021_08
2021,8,63.0,0.0,2021_08,159,2021_08
2021,8,64.0,0.0,2021_08,158,2021_08
2021,8,65.0,0.0,2021_08,160,2021_08
2021,8,66.0,0.0,2021_08,164,2021_08
2021,8,67.0,0.0,2021_08,162,2021_08
2021,8,68.0,0.0,2021_08,161,2021_08
2021,8,69.0,0.0,2021_08,181,2021_08
2021,8,71.0,0.0,2021_08,117,2021_08
2021,8,72.0,0.0,2021_08,119,2021_08
2021,8,73.0,0.0,2021_08,116,2021_08
2021,8,74.0,0.0,2021_08,118,2021_08
2021,8,75.0,0.0,2021_08,115,2021_08
2021,8,76.0,0.0,2021_08,172,2021_08
2021,8,77.0,0.0,2021_08,176,2021_08
2021,8,78.0,0.0,2021_08,173,2021_08
2021,8,79.0,0.0,2021_08,177,2021_08
2021,8,80.0,0.0,2021_08,174,2021_08
2021,8,81.0,0.0,2021_08,175,2021_08
2021,8,82.0,0.0,2021_08,194,2021_08
2021,8,83.0,0.0,2021_08,196,2021_08
2021,8,84.0,0.0,2021_08,195,2021_08
2021,8,85.0,0.0,2021_08,197,2021_08
2021,8,86.0,0.0,2021_08,253,2021_08
2021,8,87.0,0.0,2021_08,252,2021_08
2021,8,88.0,0.0,2021_08,254,2021_08
2021,8,89.0,0.0,2021_08,277,2021_08
2021,8,90.0,0.0,2021_08,169,2021_08
2021,8,91.0,0.0,2021_08,170,2021_08
2021,8,92.0,0.0,2021_08,276,2021_08
2021,8,93.0,0.0,2021_08,171,2021_08
2021,8,94.0,0.0,2021_08,219,2021_08
2021,8,95.0,0.0,2021_08,273,2021_08
2021,8,96.0,0.0,2021_08,219,2021_08
2021,8,97.0,0.0,2021_08,221,2021_08
2021,8,98.0,0.0,2021_08,220,2021_08
2021,8,99.0,0.0,2021_08,211,2021_08
2021,8,100.0,0.0,2021_08,210,2021_08
2021,8,101.0,0.0,2021_08,217,2021_08
2021,8,102.0,0.0,2021_08,208,2021_08
2021,8,103.0,0.0,2021_08,215,2021_08
2021,8,104.0,0.0,2021_08,214,2021_08
2021,8,105.0,0.0,2021_08,213,2021_08
2021,8,106.0,0.0,2021_08,216,2021_08
2021,8,107.0,0.0,2021_08,212,2021_08
2021,8,108.0,0.0,2021_08,272,2021_08
2021,8,109.0,0.0,2021_08,209,2021_08
2021,8,110.0,0.0,2021_08,178,2021_08
2021,8,111.0,0.0,2021_08,275,2021_08
2021,8,112.0,0.0,2021_08,179,2021_08
2021,8,113.0,0.0,2021_08,255,2021_08
2021,8,114.0,0.0,2021_08,189,2021_08
2021,8,115.0,0.0,2021_08,190,2021_08
2021,8,116.0,0.0,2021_08,192,2021_08
2021,8,117.0,0.0,2021_08,191,2021_08
2021,8,118.0,0.0,2021_08,193,2021_08
2021,8,119.0,0.0,2021_08,104,2021_08
2021,8,120.0,0.0,2021_08,103,2021_08
2021,8,121.0,0.0,2021_08,101,2021_08
2021,8,122.0,0.0,2021_08,102,2021_08
2021,8,123.0,0.0,2021_08,105,2021_08
2021,8,124.0,0.0,2021_08,142,2021_08
2021,8,125.0,0.0,2021_08,146,2021_08
2021,8,126.0,0.0,2021_08,147,2021_08
2021,8,127.0,0.0,2021_08,141,2021_08
2021,8,128.0,0.0,2021_08,145,2021_08
2021,8,129.0,0.0,2021_08,143,2021_08
2021,8,130.0,0.0,2021_08,144,2021_08
2021,8,131.0,0.0,2021_08,281,2021_08
2021,8,132.0,0.0,2021_08,271,2021_08
2021,8,133.0,0.0,2021_08,128,2021_08
2021,8,134.0,0.0,2021_08,129,2021_08
2021,8,135.0,0.0,2021_08,126,2021_08
2021,8,136.0,0.0,2021_08,127,2021_08
2021,8,137.0,0.0,2021_08,134,2021_08
2021,8,138.0,0.0,2021_08,136,2021_08
2021,8,139.0,0.0,2021_08,133,2021_08
2021,8,140.0,0.0,2021_08,135,2021_08
2021,8,141.0,0.0,2021_08,132,2021_08
2021,8,142.0,0.0,2021_08,131,2021_08
2021,8,143.0,0.0,2021_08,130,2021_08
2021,8,144.0,0.0,2021_08,226,2021_08
2021,8,145.0,0.0,2021_08,224,2021_08
2021,8,146.0,0.0,2021_08,225,2021_08
2021,8,147.0,0.0,2021_08,228,2021_08
2021,8,148.0,0.0,2021_08,222,2021_08
2021,8,149.0,0.0,2021_08,223,2021_08
2021,8,150.0,0.0,2021_08,227,2021_08
2021,8,151.0,0.0,2021_08,166,2021_08
2021,8,152.0,0.0,2021_08,167,2021_08
2021,8,153.0,0.0,2021_08,168,2021_08
2021,8,154.0,0.0,2021_08,165,2021_08
2021,8,155.0,0.0,2021_08,137,2021_08
2021,8,156.0,0.0,2021_08,139,2021_08
2021,8,157.0,0.0,2021_08,138,2021_08
2021,8,158.0,0.0,2021_08,140,2021_08
2021,8,159.0,0.0,2021_08,137,2021_08
2021,8,160.0,0.0,2021_08,257,2021_08
2021,8,161.0,0.0,2021_08,256,2021_08
2021,8,162.0,0.0,2021_08,156,2021_08
2021,8,163.0,0.0,2021_08,155,2021_08
2021,8,164.0,0.0,2021_08,157,2021_08
2021,8,165.0,0.0,2021_08,154,2021_08
2021,8,166.0,0.0,2021_08,247,2021_08
2021,8,167.0,0.0,2021_08,246,2021_08
2021,8,168.0,0.0,2021_08,245,2021_08
2021,8,169.0,0.0,2021_08,241,2021_08
2021,8,170.0,0.0,2021_08,268,2021_08
2021,8,173.0,0.0,2021_08,280,2021_08
2021,8,174.0,0.0,2021_08,202,2021_08
2021,8,175.0,0.0,2021_08,279,2021_08
2021,8,176.0,0.0,2021_08,168,2021_08
2021,8,177.0,0.0,2021_08,140,2021_08
2021,8,178.0,0.0,2021_08,231,2021_08
2022,4,18.0,0.0,2022_04,233,2022_04
2022,4,29.0,0.0,2022_04,250,2022_04
2022,4,33.0,0.0,2022_04,200,2022_04
2022,4,35.0,0.0,2022_04,186,2022_04
2022,4,36.0,0.0,2022_04,184,2022_04
2022,4,37.0,0.0,2022_04,185,2022_04
2022,4,38.0,0.0,2022_04,187,2022_04
2022,4,39.0,0.0,2022_04,188,2022_04
2022,4,40.0,0.0,2022_04,248,2022_04
2022,4,41.0,0.0,2022_04,278,2022_04
2022,4,42.0,0.0,2022_04,279,2022_04
2022,4,56.0,0.0,2022_04,114,2022_04
2022,4,58.0,0.0,2022_04,109,2022_04
2022,4,65.0,0.0,2022_04,160,2022_04
2022,4,69.0,0.0,2022_04,181,2022_04
2022,4,87.0,0.0,2022_04,252,2022_04
2022,4,116.0,0.0,2022_04,192,2022_04
2022,4,117.0,0.0,2022_04,191,2022_04
2022,4,118.0,0.0,2022_04,193,2022_04
2022,4,119.0,0.0,2022_04,104,2022_04
2022,4,120.0,0.0,2022_04,103,2022_04
2022,4,121.0,0.0,2022_04,101,2022_04
2022,4,123.0,0.0,2022_04,105,2022_04
2022,4,127.0,0.0,2022_04,141,2022_04
2022,4,153.0,0.0,2022_04,168,2022_04
2022,4,163.0,0.0,2022_04,155,2022_04
2022,4,167.0,0.0,2022_04,246,2022_04
2022,4,170.0,0.0,2022_04,268,2022_04
2022,10,2.0,0.0,2022_10,262,2022_10
2022,10,3.0,0.0,2022_10,234,2022_10
2022,10,4.0,0.0,2022_10,261,2022_10
2022,10,10.0,0.0,2022_10,243,2022_10
2022,10,10.0,0.0,2022_10,269,2022_10
2022,10,16.0,0.0,2022_10,260,2022_10
2022,10,16.0,0.0,2022_10,230,2022_10
2022,10,17.0,0.0,2022_10,259,2022_10
2022,10,18.0,0.0,2022_10,233,2022_10
2022,10,19.0,0.0,2022_10,122,2022_10
2022,10,20.0,0.0,2022_10,264,2022_10
2022,10,21.0,0.0,2022_10,266,2022_10
2022,10,22.0,0.0,2022_10,121,2022_10
2022,10,23.0,0.0,2022_10,120,2022_10
2022,10,24.0,0.0,2022_10,265,2022_10
2022,10,25.0,0.0,2022_10,124,2022_10
2022,10,26.0,0.0,2022_10,123,2022_10
2022,10,27.0,0.0,2022_10,249,2022_10
2022,10,28.0,0.0,2022_10,251,2022_10
2022,10,29.0,0.0,2022_10,250,2022_10
2022,10,30.0,0.0,2022_10,199,2022_10
2022,10,31.0,0.0,2022_10,201,2022_10
2022,10,32.0,0.0,2022_10,198,2022_10
2022,10,33.0,0.0,2022_10,200,2022_10
2022,10,35.0,0.0,2022_10,186,2022_10
2022,10,36.0,0.0,2022_10,184,2022_10
2022,10,37.0,0.0,2022_10,185,2022_10
2022,10,38.0,0.0,2022_10,187,2022_10
2022,10,39.0,0.0,2022_10,188,2022_10
2022,10,40.0,0.0,2022_10,248,2022_10
2022,10,41.0,0.0,2022_10,278,2022_10
2022,10,42.0,0.0,2022_10,279,2022_10
2022,10,43.0,0.0,2022_10,207,2022_10
2022,10,44.0,0.0,2022_10,206,2022_10
2022,10,45.0,0.0,2022_10,205,2022_10
2022,10,46.0,0.0,2022_10,239,2022_10
2022,10,47.0,0.0,2022_10,270,2022_10
2022,10,48.0,0.0,2022_10,238,2022_10
2022,10,50.0,0.0,2022_10,150,2022_10
2022,10,51.0,0.0,2022_10,152,2022_10
2022,10,52.0,0.0,2022_10,153,2022_10
2022,10,53.0,0.0,2022_10,151,2022_10
2022,10,54.0,0.0,2022_10,110,2022_10
2022,10,55.0,0.0,2022_10,112,2022_10
2022,10,56.0,0.0,2022_10,114,2022_10
2022,10,57.0,0.0,2022_10,113,2022_10
2022,10,58.0,0.0,2022_10,109,2022_10
2022,10,59.0,0.0,2022_10,111,2022_10
2022,10,60.0,0.0,2022_10,112,2022_10
2022,10,61.0,0.0,2022_10,256,2022_10
2022,10,62.0,0.0,2022_10,163,2022_10
2022,10,63.0,0.0,2022_10,159,2022_10
2022,10,64.0,0.0,2022_10,158,2022_10
2022,10,65.0,0.0,2022_10,160,2022_10
2022,10,66.0,0.0,2022_10,164,2022_10
2022,10,67.0,0.0,2022_10,162,2022_10
2022,10,68.0,0.0,2022_10,161,2022_10
2022,10,69.0,0.0,2022_10,181,2022_10
2022,10,71.0,0.0,2022_10,117,2022_10
2022,10,72.0,0.0,2022_10,119,2022_10
2022,10,73.0,0.0,2022_10,116,2022_10
2022,10,74.0,0.0,2022_10,118,2022_10
2022,10,75.0,0.0,2022_10,115,2022_10
2022,10,76.0,0.0,2022_10,172,2022_10
2022,10,77.0,0.0,2022_10,176,2022_10
2022,10,78.0,0.0,2022_10,173,2022_10
2022,10,79.0,0.0,2022_10,177,2022_10
2022,10,80.0,0.0,2022_10,174,2022_10
2022,10,81.0,0.0,2022_10,175,2022_10
2022,10,82.0,0.0,2022_10,194,2022_10
2022,10,83.0,0.0,2022_10,196,2022_10
2022,10,84.0,0.0,2022_10,195,2022_10
2022,10,85.0,0.0,2022_10,197,2022_10
2022,10,86.0,0.0,2022_10,253,2022_10
2022,10,87.0,0.0,2022_10,252,2022_10
2022,10,88.0,0.0,2022_10,254,2022_10
2022,10,89.0,0.0,2022_10,277,2022_10
2022,10,90.0,0.0,2022_10,169,2022_10
2022,10,91.0,0.0,2022_10,170,2022_10
2022,10,92.0,0.0,2022_10,276,2022_10
2022,10,93.0,0.0,2022_10,171,2022_10
2022,10,94.0,0.0,2022_10,219,2022_10
2022,10,95.0,0.0,2022_10,273,2022_10
2022,10,96.0,0.0,2022_10,219,2022_10
2022,10,97.0,0.0,2022_10,221,2022_10
2022,10,98.0,0.0,2022_10,220,2022_10
2022,10,99.0,0.0,2022_10,211,2022_10
2022,10,100.0,0.0,2022_10,210,2022_10
2022,10,101.0,0.0,2022_10,217,2022_10
2022,10,102.0,0.0,2022_10,208,2022_10
2022,10,103.0,0.0,2022_10,215,2022_10
2022,10,104.0,0.0,2022_10,214,2022_10
2022,10,105.0,0.0,2022_10,213,2022_10
2022,10,106.0,0.0,2022_10,216,2022_10
2022,10,107.0,0.0,2022_10,212,2022_10
2022,10,108.0,0.0,2022_10,272,2022_10
2022,10,109.0,0.0,2022_10,209,2022_10
2022,10,110.0,0.0,2022_10,178,2022_10
2022,10,111.0,0.0,2022_10,275,2022_10
2022,10,112.0,0.0,2022_10,179,2022_10
2022,10,113.0,0.0,2022_10,255,2022_10
2022,10,114.0,0.0,2022_10,189,2022_10
2022,10,115.0,0.0,2022_10,190,2022_10
2022,10,116.0,0.0,2022_10,192,2022_10
2022,10,117.0,0.0,2022_10,191,2022_10
2022,10,118.0,0.0,2022_10,193,2022_10
2022,10,119.0,0.0,2022_10,104,2022_10
2022,10,120.0,0.0,2022_10,103,2022_10
2022,10,121.0,0.0,2022_10,101,2022_10
2022,10,122.0,0.0,2022_10,102,2022_10
2022,10,123.0,0.0,2022_10,105,2022_10
2022,10,124.0,0.0,2022_10,142,2022_10
2022,10,125.0,0.0,2022_10,146,2022_10
2022,10,126.0,0.0,2022_10,147,2022_10
2022,10,127.0,0.0,2022_10,141,2022_10
2022,10,128.0,0.0,2022_10,145,2022_10
2022,10,129.0,0.0,2022_10,143,2022_10
2022,10,130.0,0.0,2022_10,144,2022_10
2022,10,131.0,0.0,2022_10,281,2022_10
2022,10,132.0,0.0,2022_10,271,2022_10
2022,10,133.0,0.0,2022_10,128,2022_10
2022,10,134.0,0.0,2022_10,129,2022_10
2022,10,135.0,0.0,2022_10,126,2022_10
2022,10,136.0,0.0,2022_10,127,2022_10
2022,10,137.0,0.0,2022_10,134,2022_10
2022,10,138.0,0.0,2022_10,136,2022_10
2022,10,139.0,0.0,2022_10,133,2022_10
2022,10,140.0,0.0,2022_10,135,2022_10
2022,10,141.0,0.0,2022_10,132,2022_10
2022,10,142.0,0.0,2022_10,131,2022_10
2022,10,143.0,0.0,2022_10,130,2022_10
2022,10,144.0,0.0,2022_10,226,2022_10
2022,10,145.0,0.0,2022_10,224,2022_10
2022,10,146.0,0.0,2022_10,225,2022_10
2022,10,147.0,0.0,2022_10,228,2022_10
2022,10,148.0,0.0,2022_10,222,2022_10
2022,10,149.0,0.0,2022_10,223,2022_10
2022,10,150.0,0.0,2022_10,227,2022_10
2022,10,151.0,0.0,2022_10,166,2022_10
2022,10,152.0,0.0,2022_10,167,2022_10
2022,10,153.0,0.0,2022_10,168,2022_10
2022,10,154.0,0.0,2022_10,165,2022_10
2022,10,155.0,0.0,2022_10,137,2022_10
2022,10,156.0,0.0,2022_10,139,2022_10
2022,10,157.0,0.0,2022_10,138,2022_10
2022,10,158.0,0.0,2022_10,140,2022_10
2022,10,159.0,0.0,2022_10,137,2022_10
2022,10,160.0,0.0,2022_10,257,2022_10
2022,10,161.0,0.0,2022_10,256,2022_10
2022,10,162.0,0.0,2022_10,156,2022_10
2022,10,163.0,0.0,2022_10,155,2022_10
2022,10,164.0,0.0,2022_10,157,2022_10
2022,10,165.0,0.0,2022_10,154,2022_10
2022,10,166.0,0.0,2022_10,247,2022_10
2022,10,167.0,0.0,2022_10,246,2022_10
2022,10,168.0,0.0,2022_10,245,2022_10
2022,10,169.0,0.0,2022_10,241,2022_10
2022,10,170.0,0.0,2022_10,268,2022_10
2022,10,173.0,0.0,2022_10,280,2022_10
2022,10,174.0,0.0,2022_10,202,2022_10
2022,10,175.0,0.0,2022_10,279,2022_10
2022,10,176.0,0.0,2022_10,168,2022_10
2022,10,177.0,0.0,2022_10,140,2022_10
2022,10,178.0,0.0,2022_10,231,2022_10
